timestamp,tracking_ms,estimator_ms,total_ms,observations
1403715523.962142944,5.762530,0.014670,5.796450,0
1403715524.012142897,2.770633,0.019710,2.791713,355
1403715524.062143087,1.592899,0.014431,1.607750,355
1403715524.112143040,1.473458,0.246133,1.720131,355
1403715524.162142992,1.309066,0.168532,1.478198,355
1403715524.212142944,1.125444,0.061671,1.187515,355
1403715524.262142897,1.206474,0.062881,1.269995,355
1403715524.312143087,1.318466,0.064411,1.383387,355
1403715524.362143040,1.149284,0.062541,1.212115,355
1403715524.412142992,1.175774,0.065931,1.242215,355
1403715524.462142944,1.290305,0.070761,1.361526,355
1403715524.512142897,1.115933,0.067501,1.183784,355
1403715524.562143087,1.320246,0.071330,1.391996,355
1403715524.612143040,1.288396,0.073140,1.362026,355
1403715524.662142992,1.109183,0.070941,1.180464,355
1403715524.712142944,1.339776,8.071537,9.411833,355
1403715524.762142897,1.314256,3.989508,5.305414,355
1403715524.812143087,1.817102,0.684858,2.502730,340
1403715524.862143040,1.662780,0.087272,1.751152,353
1403715524.912142992,1.383177,0.080981,1.464888,353
1403715524.962142944,1.273405,0.075191,1.348916,353
1403715525.012142897,1.334596,0.075391,1.410538,353
1403715525.062143087,1.320326,0.076001,1.396817,353
1403715525.112143040,1.170584,0.074931,1.245855,353
1403715525.162142992,1.342616,0.076001,1.419177,353
1403715525.212142944,1.485448,0.080031,1.566249,353
1403715525.262142897,1.283916,0.074840,1.359076,353
1403715525.312143087,1.357436,5.063741,6.421707,353
1403715525.362143040,1.541348,6.972145,8.514273,353
1403715525.412142992,1.425517,1.598369,3.024636,353
1403715525.462142944,1.301296,0.505136,1.807352,353
1403715525.512142897,1.334357,0.488665,1.823662,353
1403715525.562143087,1.281076,0.471505,1.753001,353
1403715525.612143040,1.309126,0.484115,1.793881,353
1403715525.662142992,1.420527,0.475626,1.896773,353
1403715525.712142944,1.289925,0.475596,1.766011,353
1403715525.762142897,1.545589,0.481625,2.027794,353
1403715525.812143087,1.465077,0.476816,1.942463,352
1403715525.862143040,1.327046,0.517916,1.845402,352
1403715525.912142992,1.557129,2.951486,4.509275,351
1403715525.962142944,1.554308,3.140178,4.695336,351
1403715526.012142897,1.416767,1.571139,2.988606,351
1403715526.062143087,1.447568,0.487566,1.935844,351
1403715526.112143040,1.432947,0.482766,1.916393,351
1403715526.162142992,1.302356,0.467476,1.770282,351
1403715526.212142944,1.509529,0.481466,1.991625,351
1403715526.262142897,1.618479,0.474726,2.093785,351
1403715526.312143087,1.283695,0.472116,1.756291,351
1403715526.362143040,1.436777,0.471296,1.908673,351
1403715526.412142992,1.543559,0.525886,2.070095,351
1403715526.462142944,1.330426,0.500376,1.831172,351
1403715526.512142897,1.539439,3.036037,4.576106,350
1403715526.562143087,1.568849,3.160349,4.730628,350
1403715526.612143040,1.350636,1.590100,2.941506,350
1403715526.662142992,1.429617,0.486316,1.916813,350
1403715526.712142944,1.430828,0.483505,1.915183,350
1403715526.762142897,1.332596,0.471446,1.804482,350
1403715526.812143087,1.359767,0.466195,1.826712,350
1403715526.862143040,1.431248,0.509286,1.941764,350
1403715526.912142992,1.358167,0.473855,1.832622,350
1403715526.962142944,1.370216,0.535227,1.906053,350
1403715527.012142897,1.313496,0.521447,1.835973,350
1403715527.062143087,1.232265,0.486316,1.719021,350
1403715527.112143040,1.455367,2.944976,4.400943,350
1403715527.162142992,1.372347,3.124107,4.497174,350
1403715527.212142944,1.440657,1.505929,2.947256,350
1403715527.262142897,1.264026,0.489016,1.753732,350
1403715527.312143087,1.495058,0.477836,1.973564,350
1403715527.362143040,1.217115,0.475915,1.693520,350
1403715527.412142992,1.304486,0.471106,1.776162,350
1403715527.462142944,1.520888,0.474326,1.995824,350
1403715527.512142897,1.246085,0.521007,1.767512,350
1403715527.562143087,1.343796,0.500526,1.844892,350
1403715527.612143040,1.422028,0.506056,1.929274,350
1403715527.662142992,1.227875,0.488856,1.717291,350
1403715527.712142944,1.311126,2.982756,4.294532,350
1403715527.762142897,1.384037,3.155658,4.540685,350
1403715527.812143087,1.269705,1.504038,2.774443,350
1403715527.862143040,1.321756,0.490686,1.813202,350
1403715527.912142992,1.331806,0.485546,1.818012,350
1403715527.962142944,1.191185,0.460495,1.652140,350
1403715528.012142897,1.319946,0.460875,1.781441,350
1403715528.062143087,1.321346,0.477576,1.799642,349
1403715528.112143040,1.236815,0.460306,1.697581,349
1403715528.162142992,1.414997,0.436986,1.852613,349
1403715528.212142944,1.357716,0.435545,1.793881,349
1403715528.262142897,1.212714,0.409975,1.623119,349
1403715528.312143087,1.310105,2.881185,4.191910,349
1403715528.362143040,1.361356,3.071577,4.433814,349
1403715528.412142992,1.539998,1.402827,2.943475,348
1403715528.462142944,1.543688,0.372465,1.916923,346
1403715528.512142897,1.514549,0.282633,1.797812,347
1403715528.562143087,1.584319,0.307953,1.892742,326
1403715528.612143040,1.740091,0.438385,2.179206,303
1403715528.662142992,2.619251,0.424215,3.044366,245
1403715528.712142944,2.041655,0.329604,2.371969,286
1403715528.762142897,2.537510,0.393695,2.932025,299
1403715528.812143087,2.492190,0.574637,3.067627,339
1403715528.862143040,1.928454,0.512076,2.441100,343
1403715528.912142992,2.131746,2.403709,4.536175,319
1403715528.962142944,1.907503,1.222265,3.130618,329
1403715529.012142897,1.986124,0.915801,2.902535,299
1403715529.062143087,1.725761,0.671318,2.397819,325
1403715529.112143040,1.918894,0.876520,2.796144,294
1403715529.162142992,1.949994,0.984772,2.935416,278
1403715529.212142944,2.742764,0.903070,3.646614,236
1403715529.262142897,2.495271,2.245427,4.741468,251
1403715529.312143087,2.102916,0.922451,3.026027,216
1403715529.362143040,2.252817,2.858475,5.112052,221
1403715529.412142992,1.767292,1.447857,3.216279,246
1403715529.462142944,1.951383,1.149944,3.102077,239
1403715529.512142897,1.788891,2.131886,3.921507,247
1403715529.562143087,1.662150,1.581219,3.244139,246
1403715529.612143040,1.472498,1.486258,2.959516,245
1403715529.662142992,1.549898,1.411347,2.962015,267
1403715529.712142944,1.526168,1.642360,3.169268,284
1403715529.762142897,1.385876,1.713691,3.100247,285
1403715529.812143087,1.855662,3.702255,5.558677,279
1403715529.862143040,1.661370,1.452108,3.114268,313
1403715529.912142992,1.534019,3.363540,4.898249,313
1403715529.962142944,1.685670,3.168889,4.855439,319
1403715530.012142897,1.710090,3.087158,4.798148,323
1403715530.062143087,1.558768,3.740586,5.300614,337
1403715530.112143040,1.555889,2.251047,3.808096,352
1403715530.162142992,1.756032,2.665842,4.422844,341
1403715530.212142944,1.539628,2.537891,4.078219,374
1403715530.262142897,1.568639,2.692893,4.262262,371
1403715530.312143087,1.496158,2.512660,4.009738,365
1403715530.362143040,1.512318,2.123756,3.636724,361
1403715530.412142992,1.607959,4.273092,5.881811,351
1403715530.462142944,1.745171,2.358798,4.104799,341
1403715530.512142897,1.559688,3.662635,5.223003,360
1403715530.562143087,1.560049,3.982378,5.543307,349
1403715530.612143040,1.799272,3.582203,5.382375,332
1403715530.662142992,1.640610,3.202918,4.844378,366
1403715530.712142944,1.560969,1.329696,2.892005,362
1403715530.762142897,1.478778,4.425463,5.905351,354
1403715530.812143087,1.770611,2.148996,3.920567,346
1403715530.862143040,1.657440,2.926765,4.585255,341
1403715530.912142992,1.769771,3.043627,4.814448,332
1403715530.962142944,1.633360,1.252875,2.887085,359
1403715531.012142897,1.434278,2.830794,4.265952,359
1403715531.062143087,1.742381,3.141988,4.885289,343
1403715531.112143040,1.905752,3.853147,5.759660,338
1403715531.162142992,1.680200,4.262711,5.944261,357
1403715531.212142944,1.551019,3.617344,5.169253,346
1403715531.262142897,1.548289,2.731753,4.280742,346
1403715531.312143087,1.816301,1.470308,3.287419,338
1403715531.362143040,1.770702,4.267801,6.039213,342
1403715531.412142992,1.718741,2.973465,4.693056,326
1403715531.462142944,1.648159,2.498471,4.147460,318
1403715531.512142897,1.733352,2.976665,4.711297,312
1403715531.562143087,1.662330,1.326646,2.989716,314
1403715531.612143040,1.757071,2.058475,3.816366,327
1403715531.662142992,2.011485,3.526712,5.539567,336
1403715531.712142944,1.819222,4.399273,6.219325,335
1403715531.762142897,1.842472,3.843387,5.687009,325
1403715531.812143087,1.647190,3.149038,4.797358,322
1403715531.862143040,1.633649,3.680255,5.314604,321
1403715531.912142992,1.502778,1.553028,3.056606,316
1403715531.962142944,1.597129,4.630146,6.228015,315
1403715532.012142897,1.490038,2.890585,4.381393,315
1403715532.062143087,1.439008,1.682670,3.122448,307
1403715532.112143040,1.374097,3.248289,4.623096,301
1403715532.162142992,1.362947,2.561521,3.925128,300
1403715532.212142944,1.252995,1.760681,3.014456,301
1403715532.262142897,1.544509,1.598299,3.143468,298
1403715532.312143087,1.364936,3.583873,4.949350,295
1403715532.362143040,1.546508,4.286272,5.833910,294
1403715532.412142992,1.651269,2.816284,4.468823,293
1403715532.462142944,1.559079,2.199587,3.759446,286
1403715532.512142897,1.551069,2.434209,3.985998,285
1403715532.562143087,1.451828,3.810746,5.263344,279
1403715532.612143040,1.505068,2.469060,3.974928,276
1403715532.662142992,1.443488,1.582209,3.027027,267
1403715532.712142944,1.428648,1.978243,3.407701,267
1403715532.762142897,1.273045,2.046245,3.319880,263
1403715532.812143087,1.234775,1.190675,2.426270,266
1403715532.862143040,1.238335,1.149824,2.388849,267
1403715532.912142992,1.081783,3.188239,4.270582,266
1403715532.962142944,1.256875,3.715865,4.973450,262
1403715533.012142897,1.318225,2.978256,4.297171,263
1403715533.062143087,1.340836,2.362769,3.704195,253
1403715533.112143040,1.289625,2.280328,3.570633,249
1403715533.162142992,1.497819,3.285879,4.784368,242
1403715533.212142944,1.243385,2.181216,3.425271,237
1403715533.262142897,1.472138,1.686590,3.159368,235
1403715533.312143087,1.515468,2.472910,3.989208,237
1403715533.362143040,1.323716,1.345307,2.669803,252
1403715533.412142992,1.435887,1.000142,2.436819,251
1403715533.462142944,1.416127,1.237125,2.655862,253
1403715533.512142897,1.185095,0.950781,2.136426,252
1403715533.562143087,1.319896,5.491557,6.812683,251
1403715533.612143040,1.731961,3.163388,4.896739,248
1403715533.662142992,1.631610,2.329158,3.961728,252
1403715533.712142944,1.499708,1.896853,3.397461,284
1403715533.762142897,1.658360,3.178979,4.838049,287
1403715533.812143087,1.701721,2.473740,4.176161,283
1403715533.862143040,1.618240,2.583491,4.202611,294
1403715533.912142992,1.946273,2.770414,4.717837,295
1403715533.962142944,1.645440,2.150286,3.796426,315
1403715534.012142897,1.712180,2.411519,4.124559,325
1403715534.062143087,1.623729,2.621392,4.245781,361
1403715534.112143040,1.603870,2.050374,3.655144,335
1403715534.162142992,2.044075,3.011396,5.056231,341
1403715534.212142944,2.087885,2.179386,4.268181,351
1403715534.262142897,1.689491,2.913395,4.603616,369
1403715534.312143087,1.946754,2.331908,4.279732,359
1403715534.362143040,1.687231,3.254509,4.942520,354
1403715534.412142992,1.498528,2.586271,4.085429,356
1403715534.462142944,1.627499,2.362999,3.991188,361
1403715534.512142897,1.963424,3.754345,5.718409,344
1403715534.562143087,1.675231,3.095417,4.771478,379
1403715534.612143040,1.356106,4.094559,5.451635,362
1403715534.662142992,1.663500,2.177846,3.842636,347
1403715534.712142944,1.525008,2.623392,4.149030,370
1403715534.762142897,1.834752,4.291772,6.127424,321
1403715534.812143087,1.734381,1.633510,3.368781,345
1403715534.862143040,1.645910,2.602211,4.249021,382
1403715534.912142992,1.543619,1.927483,3.472002,366
1403715534.962142944,1.585040,3.702704,5.288634,359
1403715535.012142897,1.713620,2.161527,3.876297,344
1403715535.062143087,1.618570,1.536918,3.156808,355
1403715535.112143040,2.076566,5.725219,7.805015,300
1403715535.162142992,1.867293,1.301456,3.169659,328
1403715535.212142944,1.886953,3.705314,5.593427,331
1403715535.262142897,1.465338,5.137692,6.603820,333
1403715535.312143087,1.651000,1.091733,2.743443,318
1403715535.362143040,1.945563,5.419615,7.365898,331
1403715535.412142992,1.560429,3.023487,4.584606,358
1403715535.462142944,1.837872,1.873313,3.711825,340
1403715535.512142897,1.739851,1.688271,3.428882,358
1403715535.562143087,1.889883,2.559120,4.449683,335
1403715535.612143040,1.701891,4.111069,5.813610,351
1403715535.662142992,1.684850,2.131566,3.817526,330
1403715535.712142944,1.817422,4.748407,6.566779,340
1403715535.762142897,1.714640,3.061967,4.777487,348
1403715535.812143087,1.931963,2.659622,4.592465,341
1403715535.862143040,1.599389,1.372087,2.972636,358
1403715535.912142992,1.581759,1.791341,3.373800,327
1403715535.962142944,1.442747,5.435946,6.879493,339
1403715536.012142897,1.680760,2.700933,4.382543,328
1403715536.062143087,1.489698,2.710233,4.200581,333
1403715536.112143040,1.833552,1.645070,3.479332,311
1403715536.162142992,1.498188,3.420922,4.919900,308
1403715536.212142944,1.597800,4.124889,5.723379,297
1403715536.262142897,1.578639,2.484900,4.064619,303
1403715536.312143087,2.549681,4.689537,7.240198,288
1403715536.362143040,1.712421,2.436679,4.150110,285
1403715536.412142992,1.569559,3.385751,4.956410,248
1403715536.462142944,1.529079,1.904022,3.433901,228
1403715536.512142897,1.719891,2.584301,4.304852,235
1403715536.562143087,1.625489,3.208339,4.835508,287
1403715536.612143040,1.776531,2.769224,4.546555,300
1403715536.662142992,1.843223,1.685530,3.529463,333
1403715536.712142944,1.780702,2.890245,4.672647,341
1403715536.762142897,1.784561,2.524561,4.310422,325
1403715536.812143087,1.671120,4.728087,6.400517,311
1403715536.862143040,1.978613,2.026565,4.006449,305
1403715536.912142992,1.936123,2.932075,4.869358,309
1403715536.962142944,1.695481,1.521918,3.218209,298
1403715537.012142897,1.566269,2.808133,4.375232,283
1403715537.062143087,1.520718,3.814407,5.336095,264
1403715537.112143040,1.793102,2.601371,4.395203,245
1403715537.162142992,1.770471,3.848207,5.619528,258
1403715537.212142944,1.440947,3.294960,4.736957,268
1403715537.262142897,1.782171,3.663394,5.446295,263
1403715537.312143087,1.652000,1.157604,2.810574,284
1403715537.362143040,1.801292,3.357010,5.159132,273
1403715537.412142992,1.684870,3.086458,4.771928,285
1403715537.462142944,1.865152,3.606514,5.472396,255
1403715537.512142897,1.644460,1.881793,3.527063,244
1403715537.562143087,1.709351,1.895293,3.605264,242
1403715537.612143040,1.656850,2.319638,3.977278,241
1403715537.662142992,1.770371,4.076659,5.847990,243
1403715537.712142944,1.523528,2.440030,3.964518,285
1403715537.762142897,1.679470,2.468540,4.149060,289
1403715537.812143087,1.528128,2.709223,4.238681,316
1403715537.862143040,1.544459,3.303950,4.849199,312
1403715537.912142992,1.697810,2.267938,3.966648,329
1403715537.962142944,1.676410,2.659202,4.336472,335
1403715538.012142897,1.588079,2.623902,4.212691,344
1403715538.062143087,1.470887,2.470120,3.941777,353
1403715538.112143040,1.731071,2.582921,4.314902,357
1403715538.162142992,1.541948,2.550321,4.092919,358
1403715538.212142944,1.524568,2.843585,4.368843,359
1403715538.262142897,1.764501,4.265102,6.030413,353
1403715538.312143087,1.761832,2.734353,4.496935,361
1403715538.362143040,1.813122,3.528582,5.342364,360
1403715538.412142992,1.593260,2.752833,4.346863,364
1403715538.462142944,1.538609,3.809286,5.348845,362
1403715538.512142897,2.250437,2.519310,4.770497,356
1403715538.562143087,2.395499,3.005457,5.403086,373
1403715538.612143040,2.287878,3.070307,5.359005,416
1403715538.662142992,2.098315,2.936506,5.035471,398
1403715538.712142944,2.160117,2.914755,5.075532,395
1403715538.762142897,2.092405,2.610032,4.703157,380
1403715538.812143087,1.922614,2.753643,4.677137,406
1403715538.862143040,2.010215,4.680046,6.690971,389
1403715538.912142992,1.690750,3.121498,4.812918,417
1403715538.962142944,1.775592,3.076857,4.853149,410
1403715539.012142897,2.083765,3.059657,5.144282,383
1403715539.062143087,1.820362,3.552013,5.373095,419
1403715539.112143040,1.878992,2.682473,4.562095,411
1403715539.162142992,1.791072,4.714567,6.506289,402
1403715539.212142944,2.112655,4.233021,6.346336,378
1403715539.262142897,2.234626,2.034455,4.269881,361
1403715539.312143087,2.144186,3.076417,5.221253,364
1403715539.362143040,2.269357,3.653934,5.924012,347
1403715539.412142992,2.136996,2.101795,4.239471,374
1403715539.462142944,7.751374,7.248497,15.005051,353
1403715539.512142897,1.781412,3.177908,4.960500,375
1403715539.562143087,1.750611,3.056657,4.808788,343
1403715539.612143040,1.531648,4.462834,5.995862,376
1403715539.662142992,1.448747,3.065997,4.515354,372
1403715539.712142944,1.512288,1.809302,3.322790,369
1403715539.762142897,1.352306,3.026647,4.379533,369
1403715539.812143087,1.601699,2.560371,4.162680,366
1403715539.862143040,1.524339,3.021996,4.547305,366
1403715539.912142992,1.367736,1.515018,2.883424,365
1403715539.962142944,1.236745,4.876949,6.114134,365
1403715540.012142897,1.370046,2.139826,3.510922,364
1403715540.062143087,1.297756,5.685828,6.984224,362
1403715540.112143040,1.752761,2.192896,3.946487,357
1403715540.162142992,1.366206,3.267559,4.634385,396
1403715540.212142944,1.517078,2.617472,4.135270,392
1403715540.262142897,1.382927,2.508560,3.892167,391
1403715540.312143087,1.329876,1.870323,3.200889,387
1403715540.362143040,1.394527,2.865564,4.260761,384
1403715540.412142992,1.334416,2.585401,3.920447,383
1403715540.462142944,1.554309,3.130278,4.685317,379
1403715540.512142897,1.410696,1.539839,2.952385,377
1403715540.562143087,1.535888,4.851999,6.388467,365
1403715540.612143040,1.623980,2.082725,3.707545,398
1403715540.662142992,1.474598,5.806740,7.282088,385
1403715540.712142944,1.612760,3.626924,5.240414,378
1403715540.762142897,1.537538,3.486832,5.025560,376
1403715540.812143087,1.526148,2.584532,4.113160,376
1403715540.862143040,1.443958,2.600271,4.045179,372
1403715540.912142992,1.693510,1.728611,3.423431,368
1403715540.962142944,1.512458,2.541301,4.054719,395
1403715541.012142897,1.581149,2.957385,4.539294,383
1403715541.062143087,1.427117,3.074497,4.502534,379
1403715541.112143040,1.649200,1.545889,3.196369,366
1403715541.162142992,1.620440,5.706259,7.327329,397
1403715541.212142944,1.424617,2.179667,3.605334,381
1403715541.262142897,1.437027,4.260182,5.698159,368
1403715541.312143087,1.456678,2.554291,4.011609,357
1403715541.362143040,1.772121,2.854634,4.627425,344
1403715541.412142992,1.524048,2.469020,3.993768,380
1403715541.462142944,1.850713,2.967195,4.818528,361
1403715541.512142897,1.453648,3.420711,4.875069,385
1403715541.562143087,1.539989,2.163726,3.704485,367
1403715541.612143040,2.064845,2.706863,4.772398,319
1403715541.662142992,1.602630,3.061947,4.665287,340
1403715541.712142944,1.963383,5.728580,7.692653,313
1403715541.762142897,2.597322,6.250205,8.848287,261
1403715541.812143087,2.680692,1.753672,4.436294,262
1403715541.862143040,2.302458,3.735345,6.038533,290
1403715541.912142992,2.161446,3.360030,5.522196,263
1403715541.962142944,2.549001,3.330050,5.879771,239
1403715542.012142897,2.026324,1.085804,3.113558,274
1403715542.062143087,1.548919,3.230999,4.780658,252
1403715542.112143040,2.272457,4.428583,6.701850,257
1403715542.162142992,2.043005,1.461467,3.505242,211
1403715542.212142944,1.573469,1.995374,3.569383,185
1403715542.262142897,1.612319,1.925894,3.538963,191
1403715542.312143087,1.362567,1.204654,2.567891,183
1403715542.362143040,1.277275,2.891985,4.169840,177
1403715542.412142992,1.748221,2.786283,4.535284,187
1403715542.462142944,1.816912,1.287316,3.104908,178
1403715542.512142897,1.671961,1.255605,2.928136,199
1403715542.562143087,1.420917,5.245303,6.666890,208
1403715542.612143040,1.497718,1.061723,2.560161,207
1403715542.662142992,1.512728,1.598940,3.112208,223
1403715542.712142944,1.356157,1.243765,2.601282,239
1403715542.762142897,1.141623,1.103404,2.246137,249
1403715542.812143087,1.322726,1.677741,3.001557,247
1403715542.862143040,1.331726,1.983554,3.316290,261
1403715542.912142992,1.293516,2.603611,3.898247,258
1403715542.962142944,1.413227,4.064969,5.479146,256
1403715543.012142897,1.349467,1.578919,2.929596,255
1403715543.062143087,1.422337,3.609753,5.033041,258
1403715543.112143040,1.325166,3.322440,4.648486,270
1403715543.162142992,1.381997,3.001946,4.384873,265
1403715543.212142944,1.326906,3.144278,4.472194,275
1403715543.262142897,1.507468,3.281959,4.790288,273
1403715543.312143087,1.211825,2.884224,4.097329,270
1403715543.362143040,1.214444,1.668660,2.883974,274
1403715543.412142992,1.064873,2.925465,3.991198,275
1403715543.462142944,1.429928,1.913173,3.344001,272
1403715543.512142897,1.460268,1.668080,3.129338,305
1403715543.562143087,1.342416,2.610802,3.953838,304
1403715543.612143040,1.414407,2.472650,3.887787,303
1403715543.662142992,1.413747,3.188408,4.602965,309
1403715543.712142944,1.457277,2.937836,4.395933,306
1403715543.762142897,1.420937,2.717823,4.139890,306
1403715543.812143087,1.297506,3.025196,4.323572,306
1403715543.862143040,1.481698,3.254580,4.736958,299
1403715543.912142992,1.406177,2.786933,4.193800,299
1403715543.962142944,1.426447,2.010224,3.437311,298
1403715544.012142897,1.333206,3.043116,4.377072,294
1403715544.062143087,1.388657,3.773126,5.162453,276
1403715544.112143040,1.505038,2.006964,3.512772,262
1403715544.162142992,1.484157,2.603592,4.088279,239
1403715544.212142944,1.388606,3.486173,4.875469,228
1403715544.262142897,1.334426,2.950156,4.285332,214
1403715544.312143087,1.237055,2.392219,3.629854,200
1403715544.362143040,1.313025,2.718733,4.032458,184
1403715544.412142992,1.295786,3.511132,4.807588,177
1403715544.462142944,1.423967,2.697403,4.121990,177
1403715544.512142897,1.362877,1.154884,2.518461,177
1403715544.562143087,1.140144,1.797962,2.938696,195
1403715544.612143040,1.302455,1.152774,2.455939,201
1403715544.662142992,1.378356,2.322298,3.701314,209
1403715544.712142944,1.248755,1.291935,2.541360,222
1403715544.762142897,1.186034,2.871425,4.058009,239
1403715544.812143087,1.318716,1.570329,2.889735,250
1403715544.862143040,1.472668,1.582309,3.055647,255
1403715544.912142992,1.487898,1.783972,3.272450,263
1403715544.962142944,1.407197,2.537781,3.945748,278
1403715545.012142897,1.561028,3.300990,4.862798,282
1403715545.062143087,1.638590,2.862594,4.501914,297
1403715545.112143040,1.358546,2.951956,4.311292,298
1403715545.162142992,1.397887,2.798874,4.197551,317
1403715545.212142944,1.398527,2.626502,4.025629,322
1403715545.262142897,1.541278,3.598874,5.141172,331
1403715545.312143087,1.477858,2.773533,4.252121,324
1403715545.362143040,1.684020,2.418439,4.103149,330
1403715545.412142992,1.600759,2.514291,4.115720,322
1403715545.462142944,1.336486,2.589712,3.926848,334
1403715545.512142897,1.303956,2.458170,3.762736,333
1403715545.562143087,1.189234,2.555491,3.745355,332
1403715545.612143040,1.210305,3.271999,4.483104,332
1403715545.662142992,1.181754,3.241129,4.423463,330
1403715545.712142944,1.355776,3.325860,4.682296,328
1403715545.762142897,1.309196,3.300100,4.610006,324
1403715545.812143087,1.590309,3.096927,4.687816,323
1403715545.862143040,1.469808,3.594103,5.064601,353
1403715545.912142992,1.474268,3.079557,4.554525,346
1403715545.962142944,1.380507,2.693712,4.074769,343
1403715546.012142897,1.359327,2.619021,3.979118,343
1403715546.062143087,1.294096,2.188776,3.483512,342
1403715546.112143040,1.420198,2.780063,4.200801,341
1403715546.162142992,1.352696,2.471349,3.824755,337
1403715546.212142944,1.281485,3.023377,4.305872,337
1403715546.262142897,1.435978,2.787403,4.223971,333
1403715546.312143087,1.406107,3.179559,4.586386,329
1403715546.362143040,1.381787,2.823504,4.206001,329
1403715546.412142992,1.360737,4.286152,5.647529,329
1403715546.462142944,1.442057,3.564873,5.007830,324
1403715546.512142897,1.353176,3.054487,4.408503,320
1403715546.562143087,1.302295,2.649822,3.953397,318
1403715546.612143040,1.528269,2.819864,4.349263,307
1403715546.662142992,1.562429,1.899673,3.462992,354
1403715546.712142944,1.721381,2.366829,4.088780,339
1403715546.762142897,1.271665,1.920013,3.192598,329
1403715546.812143087,1.976704,3.571163,5.548637,313
1403715546.862143040,1.735361,2.718803,4.454834,339
1403715546.912142992,1.430898,3.041716,4.473934,335
1403715546.962142944,1.809832,3.515082,5.325674,303
1403715547.012142897,1.528728,4.284432,5.813870,357
1403715547.062143087,1.783801,2.750874,4.535595,341
1403715547.112143040,1.989284,3.158598,5.148622,345
1403715547.162142992,2.242648,1.458977,3.704125,370
1403715547.212142944,2.447080,5.864970,8.313040,325
1403715547.262142897,2.046805,1.573058,3.621683,361
1403715547.312143087,1.745161,0.739299,2.485330,349
1403715547.362143040,1.709311,0.777229,2.489110,328
1403715547.412142992,1.804962,8.263129,10.069441,288
1403715547.462142944,1.621579,1.525329,3.147568,264
1403715547.512142897,1.407147,1.100973,2.509090,267
1403715547.562143087,1.193454,7.302068,8.496562,261
1403715547.612143040,1.544729,1.369726,2.915325,242
1403715547.662142992,1.548738,4.349533,5.899081,258
1403715547.712142944,1.595899,3.005667,4.602256,245
1403715547.762142897,1.607420,1.004802,2.612822,254
1403715547.812143087,1.586459,5.962562,7.549671,256
1403715547.862143040,1.980834,2.047734,4.029258,240
1403715547.912142992,2.065895,2.070565,4.137140,232
1403715547.962142944,2.061865,1.978304,4.040789,225
1403715548.012142897,1.886582,2.002975,3.890397,225
1403715548.062143087,1.947314,3.444711,5.392875,224
1403715548.112143040,1.951313,1.532139,3.484162,223
1403715548.162142992,1.920953,1.595469,3.517112,234
1403715548.212142944,1.794122,4.297222,6.091944,250
1403715548.262142897,2.094565,2.810214,4.905489,241
1403715548.312143087,1.919433,3.189789,5.109952,264
1403715548.362143040,1.932944,1.723001,3.656535,257
1403715548.412142992,2.036485,3.687384,5.724959,264
1403715548.462142944,1.830743,2.565871,4.397564,265
1403715548.512142897,2.137986,1.924113,4.062749,262
1403715548.562143087,2.392018,2.641232,5.033950,285
1403715548.612143040,2.175126,2.466880,4.644356,271
1403715548.662142992,1.870992,2.935426,4.807138,290
1403715548.712142944,1.758451,2.648742,4.408033,289
1403715548.762142897,1.645980,3.053417,4.700377,274
1403715548.812143087,1.559159,2.884745,4.444484,260
1403715548.862143040,1.385807,3.170948,4.557465,256
1403715548.912142992,1.459688,2.923925,4.384663,257
1403715548.962142944,1.697970,2.415719,4.114489,267
1403715549.012142897,1.577629,2.110656,3.689205,286
1403715549.062143087,1.734201,2.311968,4.046839,285
1403715549.112143040,1.800042,2.783123,4.584185,287
1403715549.162142992,1.893463,2.067045,3.961278,301
1403715549.212142944,2.047024,2.591102,4.638936,296
1403715549.262142897,1.866753,2.370758,4.238191,291
1403715549.312143087,1.785551,3.378561,5.164862,295
1403715549.362143040,1.669070,2.535720,4.205530,294
1403715549.412142992,1.646840,2.491090,4.138560,293
1403715549.462142944,1.693761,3.317430,5.012191,290
1403715549.512142897,1.761591,2.668572,4.430853,290
1403715549.562143087,2.044304,2.821544,4.866428,304
1403715549.612143040,1.582559,3.759216,5.342545,306
1403715549.662142992,1.556799,1.757081,3.314760,305
1403715549.712142944,1.822792,3.148668,4.972140,306
1403715549.762142897,1.444507,1.959314,3.404491,335
1403715549.812143087,1.546828,2.870965,4.418493,348
1403715549.862143040,1.525798,3.013386,4.539904,337
1403715549.912142992,1.536439,3.016496,4.553625,340
1403715549.962142944,1.746641,2.062045,3.809346,313
1403715550.012142897,1.418897,2.326338,3.745855,321
1403715550.062143087,1.550018,3.061308,4.611986,316
1403715550.112143040,1.622139,3.058547,4.681517,307
1403715550.162142992,1.827252,2.906635,4.734687,310
1403715550.212142944,2.018425,3.164338,5.183403,315
1403715550.262142897,2.028224,2.360479,4.389883,313
1403715550.312143087,2.436559,3.200279,5.637548,311
1403715550.362143040,2.236437,3.296919,5.534096,316
1403715550.412142992,2.251798,2.040024,4.292592,298
1403715550.462142944,2.045074,1.777522,3.823196,334
1403715550.512142897,2.298888,3.500632,5.800180,331
1403715550.562143087,2.611291,1.526668,4.138759,315
1403715550.612143040,2.066145,1.437647,3.504342,347
1403715550.662142992,1.827752,2.225196,4.053628,344
1403715550.712142944,1.626560,4.385313,6.012523,339
1403715550.762142897,1.664200,2.883895,4.548715,333
1403715550.812143087,1.644360,3.423791,5.068851,348
1403715550.862143040,1.702551,3.381741,5.084982,335
1403715550.912142992,1.606930,3.509302,5.116832,328
1403715550.962142944,1.729230,3.073418,4.803358,319
1403715551.012142897,1.518008,2.851515,4.370233,321
1403715551.062143087,1.996124,1.938644,3.935338,321
1403715551.112143040,1.664100,2.260877,3.925687,360
1403715551.162142992,2.023664,1.750271,3.774555,325
1403715551.212142944,2.475770,4.611706,7.088156,316
1403715551.262142897,2.031895,1.703761,3.736336,356
1403715551.312143087,1.795002,1.777921,3.573513,379
1403715551.362143040,1.724921,3.156018,4.881579,343
1403715551.412142992,1.700671,4.285752,5.987123,335
1403715551.462142944,2.028014,3.397252,5.426586,321
1403715551.512142897,2.407579,3.199489,5.607728,317
1403715551.562143087,2.348208,1.004852,3.353750,313
1403715551.612143040,1.929603,1.254545,3.184838,303
1403715551.662142992,1.840292,6.848863,8.689735,284
1403715551.712142944,2.319118,1.837123,4.156921,275
1403715551.762142897,2.058725,3.516032,5.575537,307
1403715551.812143087,2.090305,2.659652,4.750617,312
1403715551.862143040,1.935033,3.630184,5.565977,309
1403715551.912142992,2.046094,1.742421,3.789405,299
1403715551.962142944,1.993994,3.680515,5.675239,302
1403715552.012142897,1.969754,2.851354,4.821908,346
1403715552.062143087,1.815422,1.123374,2.939646,364
1403715552.112143040,1.709971,4.456203,6.166944,351
1403715552.162142992,1.812081,2.468590,4.281381,335
1403715552.212142944,2.100376,1.830292,3.931348,339
1403715552.262142897,1.750881,2.430400,4.181921,347
1403715552.312143087,1.858363,4.121119,5.980212,337
1403715552.362143040,1.717671,3.308240,5.026581,357
1403715552.412142992,2.214886,2.742183,4.957659,300
1403715552.462142944,1.480298,5.904061,7.385029,343
1403715552.512142897,1.615610,1.663610,3.279900,326
1403715552.562143087,1.389247,3.191829,4.581596,351
1403715552.612143040,1.743391,3.158608,4.902679,326
1403715552.662142992,1.659590,1.686200,3.346530,332
1403715552.712142944,1.454788,3.264599,4.719987,330
1403715552.762142897,1.582729,4.792188,6.375617,330
1403715552.812143087,1.538708,2.264048,3.803526,338
1403715552.862143040,1.676990,2.614682,4.292272,329
1403715552.912142992,1.536229,3.670134,5.207073,319
1403715552.962142944,1.735861,1.642159,3.378710,297
1403715553.012142897,1.362547,5.545196,6.908343,306
1403715553.062143087,1.594569,2.163276,3.758545,328
1403715553.112143040,1.432128,3.431031,4.863829,330
1403715553.162142992,1.572179,2.465819,4.038648,316
1403715553.212142944,1.597100,2.381828,3.979628,321
1403715553.262142897,1.525868,4.775258,6.301806,303
1403715553.312143087,1.491767,2.653323,4.145660,298
1403715553.362143040,1.686881,4.807557,6.495108,294
1403715553.412142992,1.376447,3.029116,4.406263,291
1403715553.462142944,1.540578,2.178697,3.719875,277
1403715553.512142897,1.772571,2.878315,4.651586,259
1403715553.562143087,1.585529,3.416891,5.003100,268
1403715553.612143040,1.380206,4.701917,6.082733,273
1403715553.662142992,1.394007,2.273007,3.667804,233
1403715553.712142944,1.463888,5.216553,6.681121,236
1403715553.762142897,1.720521,3.516363,5.237494,236
1403715553.812143087,1.484798,2.055544,3.541232,251
1403715553.862143040,1.502318,1.918833,3.421851,249
1403715553.912142992,1.691580,3.690315,5.382485,247
1403715553.962142944,1.559248,3.298580,4.858548,269
1403715554.012142897,1.731031,2.262527,3.994248,264
1403715554.062143087,1.738981,2.854234,4.593795,266
1403715554.112143040,1.684231,3.648824,5.333905,262
1403715554.162142992,1.814012,1.952373,3.767125,280
1403715554.212142944,1.993113,3.530483,5.524166,269
1403715554.262142897,1.647519,3.019837,4.668136,282
1403715554.312143087,1.983144,2.749113,4.733047,255
1403715554.362143040,2.076455,4.501425,6.578450,286
1403715554.412142992,1.872603,1.817932,3.691245,289
1403715554.462142944,2.021534,2.379159,4.401363,258
1403715554.512142897,2.054735,2.434729,4.490064,263
1403715554.562143087,2.201136,2.789224,4.991080,246
1403715554.612143040,2.020414,3.226409,5.247513,273
1403715554.662142992,1.619809,1.700501,3.320910,286
1403715554.712142944,1.567569,4.962179,6.530508,311
1403715554.762142897,1.552108,2.228997,3.781785,312
1403715554.812143087,1.528538,3.124218,4.653326,340
1403715554.862143040,1.786101,1.902653,3.689465,341
1403715554.912142992,1.676750,2.952456,4.629946,308
1403715554.962142944,1.727840,2.738473,4.466953,305
1403715555.012142897,1.869952,2.990356,4.861008,284
1403715555.062143087,1.753621,3.604554,5.358865,280
1403715555.112143040,2.002494,3.025557,5.028691,244
1403715555.162142992,2.013604,4.275522,6.292076,223
1403715555.212142944,2.484450,3.295769,5.781989,226
1403715555.262142897,2.446940,3.438691,5.886511,189
1403715555.312143087,2.337738,2.944506,5.283174,198
1403715555.362143040,2.138326,1.478578,3.617914,208
1403715555.412142992,1.483088,1.966644,3.450392,246
1403715555.462142944,1.586879,1.696731,3.284470,252
1403715555.512142897,1.793012,1.547308,3.341120,243
1403715555.562143087,1.964134,1.560218,3.524992,257
1403715555.612143040,2.152975,1.111564,3.265609,287
1403715555.662142992,2.023684,1.462708,3.487212,315
1403715555.712142944,2.430279,3.476062,5.907021,343
1403715555.762142897,2.623052,2.686112,5.310154,353
1403715555.812143087,2.109876,2.734253,4.844979,379
1403715555.862143040,2.049795,2.735443,4.785958,364
1403715555.912142992,1.519029,3.576863,5.096732,389
1403715555.962142944,1.418897,3.577814,4.997471,379
1403715556.012142897,1.682720,2.523431,4.206771,373
1403715556.062143087,1.661590,2.746743,4.409513,364
1403715556.112143040,1.707120,2.584411,4.292401,390
1403715556.162142992,1.519758,3.335051,4.855439,387
1403715556.212142944,1.410047,2.643662,4.054879,381
1403715556.262142897,1.605679,3.972878,5.579857,363
1403715556.312143087,1.363706,3.450142,4.814578,388
1403715556.362143040,1.787531,2.929186,4.718147,365
1403715556.412142992,1.884513,2.515891,4.401434,350
1403715556.462142944,1.529809,2.731303,4.262012,379
1403715556.512142897,1.639050,2.692802,4.332762,368
1403715556.562143087,1.652750,3.773716,5.427336,352
1403715556.612143040,1.672630,2.663822,4.337172,375
1403715556.662142992,1.363096,3.133638,4.497594,365
1403715556.712142944,1.381707,2.170226,3.552593,364
1403715556.762142897,1.517338,2.455690,3.973608,362
1403715556.812143087,1.396007,2.049474,3.446161,361
1403715556.862143040,1.428277,5.206273,6.635180,361
1403715556.912142992,1.401247,2.874365,4.276332,361
1403715556.962142944,1.461438,1.874943,3.337091,359
1403715557.012142897,1.229835,3.473622,4.704107,358
1403715557.062143087,1.477188,2.567601,4.045449,353
1403715557.112143040,1.720461,2.907845,4.630436,350
1403715557.162142992,1.541659,4.818108,6.360527,387
1403715557.212142944,1.624239,2.817484,4.442403,374
1403715557.262142897,1.407587,3.209148,4.617605,364
1403715557.312143087,1.450578,2.121566,3.573204,358
1403715557.362143040,1.878243,2.642652,4.521435,351
1403715557.412142992,1.594460,2.376798,3.972268,376
1403715557.462142944,1.827272,4.768308,6.596350,346
1403715557.512142897,1.901782,2.517611,4.419993,341
1403715557.562143087,1.623619,1.856073,3.480622,338
1403715557.612143040,1.534768,3.304290,4.839758,349
1403715557.662142992,1.501788,2.527460,4.029948,336
1403715557.712142944,1.479388,3.473132,4.953280,333
1403715557.762142897,1.537109,3.893287,5.431206,331
1403715557.812143087,1.557739,2.811514,4.369903,342
1403715557.862143040,1.525528,3.002287,4.528545,338
1403715557.912142992,1.580049,1.647890,3.228859,339
1403715557.962142944,1.336526,2.339019,3.676125,341
1403715558.012142897,1.433977,2.348289,3.783186,336
1403715558.062143087,1.483908,3.461552,4.946120,328
1403715558.112143040,1.491688,2.467360,3.959728,324
1403715558.162142992,1.380417,2.817044,4.198161,307
1403715558.212142944,1.497979,3.198618,4.697387,301
1403715558.262142897,1.465748,2.524831,3.991259,298
1403715558.312143087,1.581859,3.561453,5.144092,287
1403715558.362143040,1.840272,4.691246,6.532789,300
1403715558.412142992,1.704120,2.822155,4.526915,300
1403715558.462142944,1.695930,3.019357,4.716017,291
1403715558.512142897,1.491938,2.220837,3.714015,283
1403715558.562143087,1.456988,2.789084,4.246782,276
1403715558.612143040,1.463107,2.284108,3.747965,270
1403715558.662142992,1.482558,3.187378,4.670576,276
1403715558.712142944,1.341076,2.548681,3.890547,274
1403715558.762142897,1.646000,1.792622,3.439352,272
1403715558.812143087,1.625960,3.058936,4.685616,272
1403715558.862143040,1.459278,2.130145,3.590093,273
1403715558.912142992,1.323066,3.791736,5.115512,272
1403715558.962142944,1.397997,3.610434,5.009121,269
1403715559.012142897,1.359697,2.594231,3.954558,270
1403715559.062143087,1.293806,2.655552,3.950078,264
1403715559.112143040,1.330946,2.103976,3.435632,268
1403715559.162142992,1.385287,2.265857,3.651854,271
1403715559.212142944,1.579349,3.000266,4.580365,266
1403715559.262142897,1.535028,2.931616,4.467634,268
1403715559.312143087,1.522128,2.483770,4.006758,267
1403715559.362143040,1.640510,1.729151,3.370491,266
1403715559.412142992,1.575359,4.090259,5.666338,280
1403715559.462142944,1.424767,1.903653,3.329140,302
1403715559.512142897,1.305976,3.403431,4.710157,314
1403715559.562143087,1.448337,3.745805,5.194842,300
1403715559.612143040,1.407187,2.735403,4.143290,296
1403715559.662142992,1.322976,2.589411,3.913147,296
1403715559.712142944,1.408447,2.740783,4.149990,291
1403715559.762142897,1.362727,1.463388,2.826775,304
1403715559.812143087,1.387877,3.029836,4.418383,320
1403715559.862143040,1.489879,2.739762,4.230471,318
1403715559.912142992,1.362616,2.623812,3.987048,341
1403715559.962142944,1.431977,2.937425,4.370122,335
1403715560.012142897,1.708711,3.636823,5.346404,335
1403715560.062143087,1.499858,3.032886,4.533384,334
1403715560.112143040,1.596589,3.668935,5.266404,356
1403715560.162142992,1.642990,2.614021,4.258051,352
1403715560.212142944,1.623609,3.100128,4.724377,334
1403715560.262142897,1.560869,2.998466,4.560115,347
1403715560.312143087,1.551398,3.490902,5.043130,340
1403715560.362143040,1.500918,3.054027,4.555555,345
1403715560.412142992,1.755411,2.498950,4.255281,346
1403715560.462142944,1.512488,3.805326,5.318834,357
1403715560.512142897,1.565339,2.736563,4.302562,346
1403715560.562143087,1.569968,3.337931,4.908669,362
1403715560.612143040,1.424787,2.830745,4.256292,352
1403715560.662142992,1.796432,3.865716,5.662768,345
1403715560.712142944,1.395397,2.842584,4.238751,374
1403715560.762142897,1.448597,1.909863,3.359320,371
1403715560.812143087,1.595319,3.116538,4.712457,348
1403715560.862143040,1.641130,3.205709,4.847669,340
1403715560.912142992,1.722431,3.794926,5.518097,355
1403715560.962142944,1.724931,2.700322,4.425933,387
1403715561.012142897,1.575069,3.279550,4.855839,362
1403715561.062143087,1.522829,4.263801,5.787430,333
1403715561.112143040,1.681990,4.822328,6.505018,323
1403715561.162142992,1.725981,5.029900,6.756751,318
1403715561.212142944,1.720201,3.528482,5.249443,321
1403715561.262142897,1.949644,4.009988,5.963132,320
1403715561.312143087,1.538648,2.517751,4.057159,334
1403715561.362143040,1.486738,1.340206,2.828024,320
1403715561.412142992,1.472807,2.765094,4.238502,309
1403715561.462142944,1.485688,4.564655,6.051143,343
1403715561.512142897,1.655710,4.736537,6.393337,337
1403715561.562143087,1.666690,2.550521,4.217961,314
1403715561.612143040,1.638829,2.375319,4.014978,321
1403715561.662142992,1.598310,3.004836,4.604286,312
1403715561.712142944,1.794452,2.984106,4.779458,304
1403715561.762142897,1.678530,2.905185,4.584435,319
1403715561.812143087,1.659040,3.734635,5.394395,332
1403715561.862143040,1.514558,3.777065,5.292233,332
1403715561.912142992,1.534858,2.910275,4.446243,320
1403715561.962142944,1.617810,2.121146,3.740196,306
1403715562.012142897,1.566729,4.911309,6.478788,314
1403715562.062143087,1.399037,2.304668,3.704465,313
1403715562.112143040,1.605169,3.824157,5.430146,290
1403715562.162142992,1.761431,3.057237,4.819298,310
1403715562.212142944,1.701581,2.590161,4.292462,328
1403715562.262142897,1.498528,1.535799,3.035137,347
1403715562.312143087,1.437308,3.952747,5.390665,341
1403715562.362143040,1.525079,3.079887,4.606076,362
1403715562.412142992,1.696840,2.734084,4.431634,351
1403715562.462142944,1.909053,3.403461,5.313214,363
1403715562.512142897,2.119046,2.414429,4.534485,353
1403715562.562143087,1.867493,2.647662,4.515815,353
1403715562.612143040,1.549238,3.242679,4.793087,349
1403715562.662142992,1.746511,1.940653,3.687854,331
1403715562.712142944,1.710241,4.585945,6.297596,372
1403715562.762142897,1.512168,3.329130,4.842378,383
1403715562.812143087,2.241817,4.343812,6.587059,366
1403715562.862143040,2.156536,1.803102,3.961868,388
1403715562.912142992,2.068755,5.219283,7.289138,363
1403715562.962142944,1.953603,3.644334,5.599298,393
1403715563.012142897,1.607940,4.093599,5.702419,375
1403715563.062143087,1.820462,2.903745,4.724947,352
1403715563.112143040,1.872753,2.586431,4.460164,361
1403715563.162142992,2.046534,2.275398,4.322722,350
1403715563.212142944,1.824772,3.981128,5.806530,329
1403715563.262142897,1.840132,2.855005,4.695957,329
1403715563.312143087,1.921953,2.777924,4.700907,359
1403715563.362143040,1.872113,2.417109,4.289842,363
1403715563.412142992,1.912424,3.487211,5.400445,358
1403715563.462142944,1.883313,1.607139,3.491122,383
1403715563.512142897,1.983334,5.631258,7.615302,364
1403715563.562143087,1.678590,2.155486,3.834946,370
1403715563.612143040,1.599679,4.113990,5.714299,360
1403715563.662142992,1.661060,2.405619,4.067709,359
1403715563.712142944,1.481929,2.651041,4.133730,368
1403715563.762142897,1.788082,1.661880,3.450712,358
1403715563.812143087,1.510289,3.177338,4.688267,368
1403715563.862143040,1.917193,3.781076,5.699429,354
1403715563.912142992,1.683320,3.616694,5.300954,345
1403715563.962142944,1.854193,3.480652,5.335575,317
1403715564.012142897,1.762531,4.790658,6.553929,308
1403715564.062143087,1.997304,1.263355,3.261529,312
1403715564.112143040,2.038094,8.199319,10.238103,300
1403715564.162142992,2.203826,1.751061,3.956927,323
1403715564.212142944,2.467340,1.882243,4.350923,317
1403715564.262142897,2.117105,1.968074,4.086349,342
1403715564.312143087,2.172106,1.635500,3.808396,311
1403715564.362143040,2.471930,2.814244,5.287084,305
1403715564.412142992,2.467750,1.783612,4.252172,318
1403715564.462142944,1.867293,3.394731,5.262764,351
1403715564.512142897,2.005164,1.295296,3.301610,329
1403715564.562143087,2.139495,2.618112,4.758747,321
1403715564.612143040,1.789262,2.222837,4.013009,357
1403715564.662142992,1.847382,1.503578,3.351790,338
1403715564.712142944,1.977024,5.003870,6.981744,348
1403715564.762142897,2.103806,2.699022,4.803708,358
1403715564.812143087,2.575481,3.397391,5.973662,349
1403715564.862143040,1.950034,1.059072,3.009826,359
1403715564.912142992,2.024304,6.317756,8.343100,337
1403715564.962142944,2.122096,4.493824,6.616740,338
1403715565.012142897,2.005924,3.621624,5.628188,351
1403715565.062143087,2.041165,1.534818,3.577013,337
1403715565.112143040,1.980524,3.452871,5.434165,360
1403715565.162142992,1.782171,3.718095,5.501046,364
1403715565.212142944,2.037145,1.396096,3.434101,367
1403715565.262142897,1.815172,6.532269,8.348291,378
1403715565.312143087,2.304057,5.403346,7.710683,372
1403715565.362143040,2.959385,3.343891,6.306936,345
1403715565.412142992,2.446530,4.673556,7.121226,374
1403715565.462142944,2.393908,1.946054,4.341342,350
1403715565.512142897,2.255137,4.569725,6.826252,356
1403715565.562143087,2.280687,3.837406,6.121073,358
1403715565.612143040,2.145325,3.640284,5.788119,353
1403715565.662142992,2.198437,3.753315,5.953312,331
1403715565.712142944,2.632382,2.210966,4.844448,302
1403715565.762142897,2.004704,2.977726,4.983310,282
1403715565.812143087,2.198926,2.997337,5.197173,295
1403715565.862143040,1.889073,1.302525,3.192258,319
1403715565.912142992,1.689970,1.250175,2.940855,285
1403715565.962142944,1.690010,7.075285,8.766055,274
1403715566.012142897,1.628040,0.947552,2.576472,263
1403715566.062143087,1.539979,2.521040,4.061539,278
1403715566.112143040,1.438178,1.468947,2.907855,287
1403715566.162142992,1.458057,2.370439,3.829236,276
1403715566.212142944,1.569359,2.499590,4.069539,250
1403715566.262142897,1.458797,2.705733,4.165830,266
1403715566.312143087,1.748811,2.460070,4.209761,267
1403715566.362143040,1.695870,4.206591,5.903061,271
1403715566.412142992,1.512758,2.762354,4.275812,285
1403715566.462142944,1.404747,1.062783,2.468310,303
1403715566.512142897,1.294606,4.127460,5.422526,307
1403715566.562143087,1.483108,1.952204,3.435992,289
1403715566.612143040,1.503599,4.870668,6.374937,273
1403715566.662142992,1.524618,3.937988,5.463226,299
1403715566.712142944,1.465037,3.033337,4.499564,297
1403715566.762142897,1.530818,2.080015,3.611703,305
1403715566.812143087,1.305225,3.187599,4.493484,317
1403715566.862143040,1.522308,2.136496,3.659644,311
1403715566.912142992,1.823332,3.954408,5.778770,291
1403715566.962142944,1.848292,3.958318,5.807350,288
1403715567.012142897,1.923173,2.715213,4.639466,274
1403715567.062143087,1.657230,3.261079,4.919049,259
1403715567.112143040,1.481938,2.849394,4.331982,261
1403715567.162142992,1.555359,1.359916,2.916145,240
1403715567.212142944,1.516819,5.062191,6.579700,233
1403715567.262142897,1.723621,1.523018,3.247209,229
1403715567.312143087,1.341116,3.720815,5.063381,256
1403715567.362143040,1.410957,4.175480,5.587137,249
1403715567.412142992,1.412267,2.773673,4.186640,235
1403715567.462142944,1.554938,2.383619,3.941647,259
1403715567.512142897,1.499868,2.302658,3.803666,262
1403715567.562143087,1.551839,3.371181,4.923650,268
1403715567.612143040,1.531668,4.367523,5.900141,260
1403715567.662142992,1.549269,3.557333,5.107392,254
1403715567.712142944,1.767922,0.685808,2.454460,240
1403715567.762142897,1.471977,2.482281,3.954928,260
1403715567.812143087,1.493908,1.201415,2.696043,266
1403715567.862143040,1.296356,4.707707,6.004693,254
1403715567.912142992,1.722460,1.983094,3.706294,251
1403715567.962142944,1.518368,2.147026,3.666134,242
1403715568.012142897,1.691050,3.651384,5.343104,233
1403715568.062143087,1.505948,2.568231,4.074979,258
1403715568.112143040,1.453197,4.018899,5.472816,257
1403715568.162142992,1.363217,2.365928,3.729845,256
1403715568.212142944,1.520999,2.236357,3.758566,254
1403715568.262142897,1.710831,3.499212,5.211523,253
1403715568.312143087,1.840902,1.386926,3.229038,230
1403715568.362143040,1.453307,1.254775,2.709282,237
1403715568.412142992,1.722841,1.182654,2.906305,249
1403715568.462142944,1.414917,5.026301,6.442208,252
1403715568.512142897,1.733590,2.524701,4.259141,246
1403715568.562143087,1.605999,2.907915,4.514874,255
1403715568.612143040,1.932193,3.705265,5.638318,239
1403715568.662142992,1.943554,1.348806,3.293160,246
1403715568.712142944,1.947903,1.642220,3.590973,246
1403715568.762142897,1.573139,1.258045,2.831984,255
1403715568.812143087,1.371497,3.028006,4.400133,276
1403715568.862143040,1.594139,2.882625,4.477454,249
1403715568.912142992,1.455777,2.528601,3.984968,267
1403715568.962142944,1.550629,4.989550,6.540819,269
1403715569.012142897,1.768291,2.272598,4.041649,300
1403715569.062143087,1.683580,2.610292,4.294622,308
1403715569.112143040,1.978584,3.407471,5.386715,276
1403715569.162142992,1.896893,4.050809,5.948382,291
1403715569.212142944,1.876363,1.906703,3.783666,294
1403715569.262142897,1.905213,2.475890,4.381833,316
1403715569.312143087,1.815842,3.831146,5.647708,321
1403715569.362143040,1.639150,2.542670,4.182450,324
1403715569.412142992,1.585319,1.593260,3.179359,310
1403715569.462142944,1.907313,3.442931,5.350904,299
1403715569.512142897,1.750901,2.006154,3.757745,311
1403715569.562143087,1.844913,4.002008,5.847571,298
1403715569.612143040,1.452318,3.150118,4.603106,329
1403715569.662142992,1.566218,3.572784,5.139572,313
1403715569.712142944,1.569109,3.182199,4.751978,311
1403715569.762142897,1.532509,2.816194,4.349383,313
1403715569.812143087,1.560319,3.362771,4.923670,300
1403715569.862143040,1.539118,4.293822,5.833660,295
1403715569.912142992,1.890533,2.740573,4.632436,264
1403715569.962142944,1.897743,3.040287,4.938770,287
1403715570.012142897,1.876773,1.860792,3.738455,253
1403715570.062143087,1.768421,2.988916,4.758277,227
1403715570.112143040,1.697830,1.910993,3.609593,232
1403715570.162142992,2.079615,2.989616,5.070191,207
1403715570.212142944,2.130176,0.993992,3.125018,240
1403715570.262142897,2.673353,2.250857,4.924770,223
1403715570.312143087,2.546421,1.944113,4.491314,269
1403715570.362143040,2.661202,1.277385,3.939357,294
1403715570.412142992,2.492330,3.181099,5.673989,313
1403715570.462142944,2.860695,5.522816,8.384191,332
1403715570.512142897,2.661443,2.401938,5.064281,336
1403715570.562143087,2.975076,1.245845,4.221871,331
1403715570.612143040,2.203557,1.065563,3.270220,364
1403715570.662142992,2.691552,1.006602,3.698984,335
1403715570.712142944,3.149708,1.353536,4.503834,338
1403715570.762142897,3.538383,2.877354,6.416477,314
1403715570.812143087,3.317300,1.328546,4.646556,309
1403715570.862143040,2.902165,1.517128,4.419933,301
1403715570.912142992,2.311117,1.555029,3.866886,302
1403715570.962142944,2.262497,0.921282,3.184439,276
1403715571.012142897,1.680790,1.508948,3.190338,302
1403715571.062143087,2.096395,1.805722,3.902817,282
1403715571.112143040,1.945334,0.455175,2.401249,297
1403715571.162142992,1.737611,2.122635,3.860726,316
1403715571.212142944,1.665100,0.406584,2.072354,333
1403715571.262142897,1.474938,2.806044,4.281562,329
1403715571.312143087,1.507728,3.780006,5.288424,343
1403715571.362143040,1.761652,3.662654,5.425016,358
1403715571.412142992,1.731851,3.971528,5.704059,382
1403715571.462142944,1.401767,2.431979,3.834296,376
1403715571.512142897,1.684281,2.600191,4.285132,366
1403715571.562143087,1.759971,3.761615,5.522666,355
1403715571.612143040,1.525178,2.309788,3.835996,375
1403715571.662142992,1.981914,3.656743,5.639407,333
1403715571.712142944,1.910253,5.366305,7.277968,350
1403715571.762142897,1.938234,3.325010,5.265914,345
1403715571.812143087,1.550099,1.806022,3.358051,373
1403715571.862143040,1.609810,3.220669,4.831479,354
1403715571.912142992,1.756991,1.598420,3.356281,346
1403715571.962142944,1.400137,3.870666,5.271773,378
1403715572.012142897,1.658930,4.311102,5.970872,370
1403715572.062143087,1.543589,2.384519,3.928738,363
1403715572.112143040,1.933974,2.275327,4.210661,359
1403715572.162142992,1.669650,5.939042,7.609352,358
1403715572.212142944,1.836283,2.508610,4.345643,352
1403715572.262142897,2.017504,4.376433,6.394547,336
1403715572.312143087,2.096895,2.965256,5.063061,340
1403715572.362143040,1.838762,3.991088,5.830520,309
1403715572.412142992,1.624609,1.796002,3.421721,301
1403715572.462142944,2.090796,2.274867,4.367523,297
1403715572.512142897,1.491248,1.448117,2.940055,357
1403715572.562143087,1.790772,3.414451,5.205863,341
1403715572.612143040,1.558839,3.019897,4.579406,358
1403715572.662142992,1.699301,1.598529,3.298510,350
1403715572.712142944,1.481119,1.489648,2.971557,362
1403715572.762142897,1.601339,5.544587,7.146496,341
1403715572.812143087,1.933884,2.744543,4.680237,343
1403715572.862143040,2.048255,3.890827,5.940072,353
1403715572.912142992,2.402859,2.942416,5.346095,315
1403715572.962142944,1.907343,3.180999,5.089302,319
1403715573.012142897,1.692271,2.172866,3.866007,319
1403715573.062143087,1.948573,3.686065,5.635408,319
1403715573.112143040,1.918453,1.164844,3.084027,332
1403715573.162142992,1.914682,4.833519,6.748812,321
1403715573.212142944,2.069545,2.205006,4.275231,300
1403715573.262142897,1.867442,2.163176,4.031208,316
1403715573.312143087,1.741091,0.995072,2.737293,329
1403715573.362143040,1.548479,5.716339,7.265798,343
1403715573.412142992,1.866092,3.748635,5.615517,336
1403715573.462142944,1.844483,3.146178,4.991971,364
1403715573.512142897,2.004464,1.926503,3.932117,322
1403715573.562143087,1.757841,2.245348,4.003829,330
1403715573.612143040,1.637419,4.133600,5.771799,339
1403715573.662142992,1.559438,2.730734,4.290872,352
1403715573.712142944,1.487668,1.699691,3.188139,360
1403715573.762142897,1.581049,2.888005,4.469964,357
1403715573.812143087,1.653070,4.294982,5.948752,359
1403715573.862143040,1.748421,2.925185,4.674586,326
1403715573.912142992,1.587759,2.611521,4.200090,331
1403715573.962142944,1.605050,2.538271,4.144201,321
1403715574.012142897,1.613810,4.909739,6.524449,313
1403715574.062143087,1.713941,2.348348,4.063449,298
1403715574.112143040,2.199176,3.381791,5.581927,292
1403715574.162142992,1.820742,2.937945,4.759637,336
1403715574.212142944,2.002414,2.265327,4.268411,324
1403715574.262142897,1.807382,2.377378,4.185510,299
1403715574.312143087,1.553798,1.230436,2.784854,278
1403715574.362143040,1.848882,4.151730,6.001412,259
1403715574.412142992,2.106275,3.922668,6.029803,252
1403715574.462142944,1.762882,1.398647,3.162139,273
1403715574.512142897,1.788062,1.304645,3.093367,286
1403715574.562143087,1.652650,2.425709,4.079029,304
1403715574.612143040,1.605669,4.099249,5.705518,287
1403715574.662142992,1.731601,1.985144,3.717465,278
1403715574.712142944,1.741152,4.684316,6.426308,291
1403715574.762142897,1.478387,3.789766,5.268903,288
1403715574.812143087,1.613470,1.412637,3.026957,276
1403715574.862143040,1.493638,1.243465,2.737883,285
1403715574.912142992,1.276166,2.701642,3.978358,296
1403715574.962142944,1.479708,2.604071,4.084469,287
1403715575.012142897,1.457968,2.868234,4.326942,285
1403715575.062143087,1.554289,2.841894,4.396793,294
1403715575.112143040,1.463227,3.359651,4.823578,307
1403715575.162142992,1.715521,2.259167,3.975378,285
1403715575.212142944,1.597249,3.818336,5.416215,290
1403715575.262142897,1.736551,1.547738,3.284939,289
1403715575.312143087,1.636569,3.209219,4.846508,309
1403715575.362143040,1.437847,3.286740,4.725177,305
1403715575.412142992,1.503298,2.731153,4.235141,316
1403715575.462142944,1.412057,3.100237,4.512984,315
1403715575.512142897,1.608659,1.952944,3.562183,307
1403715575.562143087,1.503079,2.231276,3.735025,305
1403715575.612143040,1.475428,2.769944,4.246032,303
1403715575.662142992,1.719541,3.547623,5.267734,285
1403715575.712142944,1.673210,2.938636,4.612556,273
1403715575.762142897,1.773422,3.040756,4.814858,274
1403715575.812143087,1.645000,2.306088,3.951708,267
1403715575.862143040,1.281225,3.103597,4.385512,259
1403715575.912142992,1.538428,2.562531,4.101649,253
1403715575.962142944,1.559078,1.963994,3.523722,257
1403715576.012142897,1.889503,3.054917,4.945310,245
1403715576.062143087,1.284846,2.100145,3.385881,256
1403715576.112143040,1.682350,2.896985,4.579935,242
1403715576.162142992,1.631040,2.793523,4.425243,254
1403715576.212142944,1.842152,3.169378,5.012770,258
1403715576.262142897,1.712511,2.122555,3.835966,289
1403715576.312143087,1.826102,2.690863,4.517635,281
1403715576.362143040,1.788072,3.526802,5.315634,278
1403715576.412142992,1.972164,1.505738,3.479052,251
1403715576.462142944,1.863812,1.525789,3.390361,282
1403715576.512142897,1.705601,3.604813,5.311074,270
1403715576.562143087,1.960203,2.051145,4.011948,255
1403715576.612143040,1.964454,3.578033,5.543827,260
1403715576.662142992,2.055425,1.376026,3.432251,252
1403715576.712142944,1.653630,2.086615,3.740905,273
1403715576.762142897,1.607520,2.499760,4.108070,261
1403715576.812143087,1.461478,4.059609,5.521757,265
1403715576.862143040,1.687771,2.865504,4.553895,260
1403715576.912142992,1.474238,2.470070,3.945008,256
1403715576.962142944,1.545069,1.615779,3.161508,255
1403715577.012142897,1.298176,2.883914,4.182700,259
1403715577.062143087,1.361837,1.840782,3.203299,266
1403715577.112143040,1.414417,1.395757,2.811074,266
1403715577.162142992,1.371347,2.750853,4.123080,272
1403715577.212142944,1.465857,2.383699,3.850256,306
1403715577.262142897,1.255045,1.859283,3.114978,288
1403715577.312143087,1.494818,2.057525,3.553063,285
1403715577.362143040,1.189364,2.671922,3.861946,295
1403715577.412142992,1.315626,2.573531,3.889827,290
1403715577.462142944,1.359627,2.124275,3.484502,304
1403715577.512142897,1.631400,2.697492,4.329552,305
1403715577.562143087,1.840723,2.149876,3.991279,340
1403715577.612143040,1.604809,2.650372,4.255711,335
1403715577.662142992,1.610560,1.547138,3.158368,334
1403715577.712142944,1.302065,2.064865,3.367890,333
1403715577.762142897,1.475357,2.998377,4.474294,332
1403715577.812143087,1.349656,2.046135,3.396521,331
1403715577.862143040,1.453288,2.710542,4.164490,330
1403715577.912142992,1.421887,2.581631,4.004208,330
1403715577.962142944,1.590399,3.013187,4.604826,329
1403715578.012142897,1.873603,3.315810,5.190283,322
1403715578.062143087,2.158546,3.082167,5.242773,294
1403715578.112143040,1.737612,5.047790,6.786302,312
1403715578.162142992,1.430187,2.691452,4.122569,317
1403715578.212142944,1.482128,2.704573,4.187411,310
1403715578.262142897,1.542948,1.237565,2.781453,327
1403715578.312143087,1.513098,2.368749,3.882677,322
1403715578.362143040,1.542018,2.658202,4.200980,335
1403715578.412142992,1.534579,2.422409,3.957888,319
1403715578.462142944,1.808542,2.392029,4.201451,302
1403715578.512142897,2.095316,3.075047,5.171143,311
1403715578.562143087,2.011614,2.749753,4.762287,326
1403715578.612143040,2.616842,3.774025,6.391557,292
1403715578.662142992,2.260158,2.736132,4.997050,291
1403715578.712142944,1.860032,3.427322,5.288194,307
1403715578.762142897,2.067625,1.682400,3.750705,299
1403715578.812143087,1.983665,2.088655,4.073000,318
1403715578.862143040,1.871223,0.803529,2.675482,344
1403715578.912142992,1.742231,1.414537,3.157528,364
1403715578.962142944,1.426528,2.747933,4.175051,386
1403715579.012142897,1.834812,1.837782,3.673894,364
1403715579.062143087,1.549129,4.036038,5.586027,385
1403715579.112143040,1.787661,2.583851,4.372142,368
1403715579.162142992,1.740871,3.064687,4.806408,370
1403715579.212142944,1.816242,3.614404,5.431376,352
1403715579.262142897,2.168606,3.704875,5.874111,317
1403715579.312143087,2.361859,2.595101,4.958100,303
1403715579.362143040,2.064425,2.372058,4.437403,344
1403715579.412142992,2.019914,2.648732,4.669436,336
1403715579.462142944,2.048175,2.019114,4.068009,361
1403715579.512142897,2.184906,2.985526,5.171222,341
1403715579.562143087,2.475300,1.383297,3.859267,348
1403715579.612143040,2.337138,2.880625,5.218453,344
1403715579.662142992,2.782963,2.773424,5.557167,321
1403715579.712142944,3.107437,2.864585,5.972832,291
1403715579.762142897,3.069907,2.580011,5.650678,290
1403715579.812143087,2.739653,2.415529,5.155982,299
1403715579.862143040,2.890825,2.905305,5.796820,273
1403715579.912142992,2.442499,2.049685,4.493004,261
1403715579.962142944,1.838412,2.133116,3.972218,240
1403715580.012142897,1.718771,2.583471,4.302832,233
1403715580.062143087,1.598659,1.549799,3.150788,235
1403715580.112143040,1.900183,2.420799,4.321972,223
1403715580.162142992,1.779451,2.149446,3.929657,227
1403715580.212142944,1.549469,1.028892,2.579341,251
1403715580.262142897,1.408467,1.125663,2.535000,251
1403715580.312143087,1.227695,4.590615,5.818940,252
1403715580.362143040,1.317276,2.045415,3.363491,243
1403715580.412142992,1.573679,2.956966,4.531285,248
1403715580.462142944,1.473698,2.303478,3.777796,242
1403715580.512142897,1.543259,2.670592,4.214781,241
1403715580.562143087,1.687031,2.277507,3.965218,246
1403715580.612143040,1.791831,2.386519,4.178900,238
1403715580.662142992,1.588769,1.803302,3.392831,252
1403715580.712142944,1.759291,1.966173,3.726094,254
1403715580.762142897,1.465438,3.671814,5.137802,254
1403715580.812143087,1.490728,1.758381,3.249799,247
1403715580.862143040,1.541308,2.491590,4.033538,245
1403715580.912142992,1.334016,3.011166,4.345812,233
1403715580.962142944,1.451838,1.782501,3.235729,242
1403715581.012142897,1.346116,2.825774,4.172830,253
1403715581.062143087,1.517858,2.466650,3.985118,283
1403715581.112143040,1.489048,2.272757,3.762455,312
1403715581.162142992,1.378866,2.192257,3.571803,335
1403715581.212142944,1.334576,2.859575,4.194831,327
1403715581.262142897,1.429698,2.147165,3.577913,330
1403715581.312143087,1.359427,2.449409,3.809596,323
1403715581.362143040,1.416887,2.822554,4.240132,322
1403715581.412142992,1.408177,2.415039,3.824156,318
1403715581.462142944,1.477277,2.481810,3.959857,305
1403715581.512142897,1.611429,2.397739,4.009918,297
1403715581.562143087,1.745561,2.065115,3.811866,296
1403715581.612143040,1.596889,3.360970,4.958589,327
1403715581.662142992,1.509998,2.697713,4.208401,324
1403715581.712142944,1.432517,2.297668,3.730945,319
1403715581.762142897,1.363396,2.015664,3.379880,332
1403715581.812143087,1.608160,2.529530,4.138450,324
1403715581.862143040,1.556089,2.300897,3.857916,314
1403715581.912142992,1.609739,1.983634,3.594033,300
1403715581.962142944,1.570389,3.641894,5.212863,293
1403715582.012142897,1.431547,3.134888,4.567105,264
1403715582.062143087,1.404597,2.722812,4.128039,257
1403715582.112143040,1.420227,2.447489,3.868306,236
1403715582.162142992,1.538599,3.564413,5.103712,238
1403715582.212142944,1.583530,4.169820,5.754090,226
1403715582.262142897,1.583299,2.934666,4.518605,233
1403715582.312143087,1.423427,2.602351,4.026468,246
1403715582.362143040,1.289846,1.807691,3.098807,239
1403715582.412142992,1.538038,3.023637,4.562305,238
1403715582.462142944,1.483258,2.001734,3.485842,256
1403715582.512142897,1.487438,2.272677,3.760915,270
1403715582.562143087,1.464038,2.308867,3.773555,279
1403715582.612143040,1.434857,2.416919,3.853106,303
1403715582.662142992,1.451597,2.619762,4.072090,304
1403715582.712142944,1.462628,2.530930,3.994518,313
1403715582.762142897,1.398827,2.907235,4.307392,318
1403715582.812143087,1.969924,2.836294,4.807168,315
1403715582.862143040,2.260427,2.741203,5.002280,306
1403715582.912142992,2.249557,2.313068,4.563315,312
1403715582.962142944,2.326148,2.304408,4.631206,314
1403715583.012142897,1.986294,3.322900,5.309834,317
1403715583.062143087,1.854152,2.755073,4.610085,320
1403715583.112143040,2.202097,2.394808,4.597635,325
1403715583.162142992,2.424270,3.438091,5.863221,316
1403715583.212142944,2.177806,2.833114,5.012530,298
1403715583.262142897,2.081565,2.996336,5.079101,269
1403715583.312143087,2.000174,2.886464,4.887938,249
1403715583.362143040,2.073355,2.163946,4.238071,235
1403715583.412142992,2.240467,2.645442,4.886749,245
1403715583.462142944,2.012104,2.774203,4.787127,260
1403715583.512142897,2.032305,2.384548,4.417533,265
1403715583.562143087,1.866393,2.249267,4.116320,246
1403715583.612143040,1.893563,3.702895,5.597088,217
1403715583.662142992,1.866433,2.675092,4.542525,178
1403715583.712142944,1.672460,1.743871,3.417001,173
1403715583.762142897,1.734920,3.233079,4.968619,175
1403715583.812143087,1.502398,1.393807,2.897445,209
1403715583.862143040,1.737411,1.893403,3.631764,182
1403715583.912142992,1.272315,1.118424,2.391589,188
1403715583.962142944,1.117414,2.840584,3.958698,208
1403715584.012142897,1.362766,2.199697,3.563183,191
1403715584.062143087,1.287735,2.278407,3.566732,188
1403715584.112143040,1.262655,1.748761,3.012256,167
1403715584.162142992,1.383307,1.555089,2.939056,159
1403715584.212142944,1.096803,1.659380,2.756763,152
1403715584.262142897,1.085173,2.421439,3.507452,153
1403715584.312143087,1.309516,1.919893,3.230669,158
1403715584.362143040,1.060512,1.430938,2.492120,175
1403715584.412142992,1.296266,3.114537,4.411633,179
1403715584.462142944,1.272075,1.708331,2.981096,205
1403715584.512142897,1.516798,2.294448,3.811936,201
1403715584.562143087,1.529429,1.351206,2.881315,213
1403715584.612143040,1.489767,2.796364,4.286852,222
1403715584.662142992,1.640440,1.293085,2.934155,228
1403715584.712142944,1.682431,2.298487,3.981518,238
1403715584.762142897,1.577679,1.602879,3.181268,243
1403715584.812143087,1.447928,2.862874,4.311412,249
1403715584.862143040,1.538739,2.446559,3.986048,256
1403715584.912142992,1.772972,2.851224,4.624906,282
1403715584.962142944,1.602969,2.383359,3.986938,298
1403715585.012142897,1.478368,3.428001,4.907439,296
1403715585.062143087,1.584249,2.256108,3.841117,315
1403715585.112143040,1.523848,2.586401,4.110869,314
1403715585.162142992,1.876843,2.056064,3.934517,324
1403715585.212142944,1.732001,2.575771,4.308422,344
1403715585.262142897,1.563888,2.799774,4.364242,344
1403715585.312143087,1.422887,2.424650,3.848437,344
1403715585.362143040,1.446958,2.068124,3.515722,344
1403715585.412142992,1.335896,2.020164,3.356580,344
1403715585.462142944,1.269636,3.145068,4.415364,343
1403715585.512142897,1.525879,2.583461,4.110000,342
1403715585.562143087,1.654249,2.507951,4.162760,377
1403715585.612143040,1.683660,3.535223,5.219633,376
1403715585.662142992,1.664100,2.332838,3.997858,368
1403715585.712142944,1.295966,2.835434,4.132430,368
1403715585.762142897,1.282985,2.676583,3.960228,367
1403715585.812143087,1.336626,2.366609,3.704215,359
1403715585.862143040,1.259025,2.320478,3.580193,359
1403715585.912142992,1.289246,2.223747,3.514193,356
1403715585.962142944,1.444297,2.200557,3.645904,355
1403715586.012142897,1.406886,2.014615,3.422981,355
1403715586.062143087,1.403827,2.894935,4.299532,353
1403715586.112143040,1.528248,3.276940,4.805958,348
1403715586.162142992,1.619020,2.352788,3.972388,344
1403715586.212142944,1.481997,3.390271,4.873658,377
1403715586.262142897,1.426927,2.329838,3.758095,368
1403715586.312143087,1.402997,2.473800,3.877787,365
1403715586.362143040,1.456947,2.414319,3.872246,359
1403715586.412142992,1.443058,2.325478,3.769466,353
1403715586.462142944,1.582329,2.632262,4.215321,348
1403715586.512142897,1.511958,2.248167,3.761055,391
1403715586.562143087,1.370396,2.051175,3.422431,389
1403715586.612143040,1.475938,1.701561,3.178069,389
1403715586.662142992,1.564789,2.918625,4.483724,389
1403715586.712142944,1.613969,3.055587,4.670366,385
1403715586.762142897,1.587279,3.978738,5.566697,384
1403715586.812143087,1.673531,3.327079,5.001340,377
1403715586.862143040,1.345616,2.053335,3.399771,374
1403715586.912142992,1.492788,2.527761,4.021119,367
1403715586.962142944,1.323246,2.291698,3.615564,364
1403715587.012142897,1.361616,2.424139,3.786675,364
1403715587.062143087,1.329346,3.204978,4.535204,364
1403715587.112143040,1.380047,2.220497,3.601504,364
1403715587.162142992,1.449717,2.078256,3.528803,364
1403715587.212142944,1.366907,1.995214,3.362821,364
1403715587.262142897,1.419418,2.954305,4.374453,364
1403715587.312143087,1.287786,3.223919,4.512975,364
1403715587.362143040,1.325086,3.496402,4.822258,364
1403715587.412142992,1.733040,3.031637,4.765817,362
1403715587.462142944,1.641699,2.009675,3.652155,362
1403715587.512142897,1.521599,2.450979,3.973208,361
1403715587.562143087,1.660281,2.237017,3.897948,360
1403715587.612143040,1.593899,2.396049,3.990548,360
1403715587.662142992,1.737601,3.108107,4.846318,360
1403715587.712142944,1.598649,2.351708,3.951107,360
1403715587.762142897,1.579469,2.092285,3.672524,360
1403715587.812143087,1.617280,2.040985,3.658915,359
1403715587.862143040,1.400177,3.100497,4.502034,358
1403715587.912142992,1.474037,3.315460,4.790677,358
1403715587.962142944,1.788452,3.850166,5.639358,311
1403715588.012142897,1.837982,3.330920,5.169692,328
1403715588.062143087,2.257437,2.212037,4.470294,284
1403715588.112143040,1.870933,2.891285,4.762828,271
1403715588.162142992,1.905553,2.364039,4.270712,258
1403715588.212142944,1.972454,1.889752,3.862896,279
1403715588.262142897,1.883483,4.668366,6.552599,284
1403715588.312143087,1.494328,1.450977,2.946045,296
1403715588.362143040,1.699151,1.540728,3.240609,287
1403715588.412142992,1.517168,1.351566,2.869484,268
1403715588.462142944,1.729360,1.818263,3.548243,277
1403715588.512142897,1.543379,3.018066,4.562155,273
1403715588.562143087,1.780031,4.140630,5.921331,294
1403715588.612143040,1.767741,1.444077,3.212498,297
1403715588.662142992,1.888233,2.760363,4.649566,309
1403715588.712142944,2.129796,2.007204,4.137600,314
1403715588.762142897,1.987424,4.856859,6.844973,346
1403715588.812143087,1.885813,3.090327,4.976900,322
1403715588.862143040,2.133715,3.154888,5.289323,289
1403715588.912142992,1.701220,1.358557,3.060437,325
1403715588.962142944,1.968274,1.078463,3.047427,348
1403715589.012142897,1.651900,2.785383,4.439483,342
1403715589.062143087,1.643919,1.179325,2.824124,356
1403715589.112143040,1.830472,2.398819,4.230221,334
1403715589.162142992,1.444987,7.332008,8.777645,364
1403715589.212142944,2.120265,3.531033,5.652398,352
1403715589.262142897,2.047434,2.931026,4.980710,337
1403715589.312143087,1.832992,4.642726,6.476568,332
1403715589.362143040,1.926064,2.484990,4.411714,330
1403715589.412142992,1.967053,2.488591,4.456284,326
1403715589.462142944,2.160656,3.577003,5.738279,318
1403715589.512142897,2.026294,3.993849,6.020813,353
1403715589.562143087,1.896143,3.053307,4.950120,336
1403715589.612143040,2.215087,3.189088,5.404865,318
1403715589.662142992,2.297857,1.720901,4.019528,339
1403715589.712142944,2.350018,4.175010,6.527318,343
1403715589.762142897,2.740953,1.844162,4.585715,297
1403715589.812143087,2.315298,3.755745,6.071783,315
1403715589.862143040,2.875244,5.370115,8.246059,287
1403715589.912142992,2.161766,2.856285,5.018681,311
1403715589.962142944,2.397458,2.446290,4.844458,324
1403715590.012142897,2.043395,2.959136,5.003321,327
1403715590.062143087,2.048465,3.525982,5.575177,358
1403715590.112143040,1.610059,3.400421,5.011400,395
1403715590.162142992,1.857672,2.525011,4.384033,350
1403715590.212142944,1.661140,1.905913,3.567703,346
1403715590.262142897,1.723921,2.021555,3.746106,335
1403715590.312143087,2.099036,1.927333,4.027029,298
1403715590.362143040,1.927533,5.710529,7.638682,310
1403715590.412142992,1.973354,2.331558,4.305652,291
1403715590.462142944,1.787872,3.911997,5.700649,318
1403715590.512142897,2.020895,3.971577,5.993192,303
1403715590.562143087,2.042665,2.954665,4.998450,305
1403715590.612143040,1.893163,2.910205,4.804208,307
1403715590.662142992,1.830652,2.976926,4.808228,303
1403715590.712142944,1.768852,2.259707,4.029229,304
1403715590.762142897,1.862293,2.479529,4.342482,297
1403715590.812143087,1.660010,2.635072,4.295702,301
1403715590.862143040,1.764251,1.961254,3.726195,297
1403715590.912142992,1.933044,3.604943,5.538627,297
1403715590.962142944,1.940114,2.255537,4.196441,299
1403715591.012142897,1.738051,3.134718,4.873949,321
1403715591.062143087,1.904673,2.380688,4.286051,307
1403715591.112143040,1.734051,3.856116,5.590957,326
1403715591.162142992,1.870912,1.730861,3.602783,305
1403715591.212142944,1.720571,3.147658,4.869459,345
1403715591.262142897,1.632930,2.806184,4.439734,311
1403715591.312143087,1.809202,2.020224,3.830246,276
1403715591.362143040,1.754941,3.692985,5.448626,258
1403715591.412142992,2.136876,3.150418,5.287894,240
1403715591.462142944,1.924403,1.981444,3.906577,268
1403715591.512142897,1.871883,1.889463,3.762046,254
1403715591.562143087,1.758451,1.792832,3.551893,241
1403715591.612143040,1.660080,4.018008,5.678978,238
1403715591.662142992,1.569689,5.030190,6.600529,256
1403715591.712142944,1.762861,2.457689,4.221160,259
1403715591.762142897,1.487568,2.062565,3.550843,272
1403715591.812143087,1.566739,1.767281,3.334640,263
1403715591.862143040,1.504068,2.919995,4.424733,283
1403715591.912142992,1.430647,3.048587,4.480374,274
1403715591.962142944,1.446647,2.854695,4.302232,276
1403715592.012142897,1.568799,2.910785,4.480274,272
1403715592.062143087,1.460868,1.785961,3.247499,267
1403715592.112143040,1.345166,2.653722,3.999488,256
1403715592.162142992,1.668040,1.685870,3.354720,236
1403715592.212142944,1.515698,3.291980,4.808368,270
1403715592.262142897,1.493118,4.958079,6.451847,262
1403715592.312143087,1.367326,3.506663,4.874569,246
1403715592.362143040,1.502729,1.754171,3.257580,241
1403715592.412142992,1.800161,3.825746,5.626597,242
1403715592.462142944,1.674240,1.917443,3.592303,273
1403715592.512142897,1.540768,1.658550,3.200068,296
1403715592.562143087,1.652490,1.811272,3.464432,278
1403715592.612143040,1.645560,4.212101,5.858251,253
1403715592.662142992,1.852793,1.029062,2.883035,259
1403715592.712142944,1.423497,0.960481,2.384748,259
1403715592.762142897,1.285376,5.144142,6.430238,254
1403715592.812143087,1.371797,2.017784,3.390261,266
1403715592.862143040,2.070514,2.217817,4.288961,258
1403715592.912142992,1.555309,3.315590,4.871979,281
1403715592.962142944,1.533308,1.763321,3.297349,300
1403715593.012142897,1.572529,4.634566,6.207715,292
1403715593.062143087,2.099806,4.509554,6.610080,296
1403715593.112143040,1.946833,2.955955,4.903509,279
1403715593.162142992,1.668710,2.081935,3.751415,303
1403715593.212142944,1.620899,4.473874,6.095523,301
1403715593.262142897,1.594719,1.682340,3.277739,280
1403715593.312143087,1.912713,1.918723,3.832056,245
1403715593.362143040,1.473718,1.568268,3.042676,257
1403715593.412142992,1.916823,1.599229,3.516742,229
1403715593.462142944,1.700930,2.480480,4.182050,241
1403715593.512142897,1.519618,1.572579,3.092777,242
1403715593.562143087,1.398597,3.182238,4.581505,254
1403715593.612143040,1.519688,4.481754,6.002412,250
1403715593.662142992,1.467158,3.576863,5.044711,260
1403715593.712142944,1.976174,3.648544,5.625408,233
1403715593.762142897,1.680680,2.604012,4.285952,247
1403715593.812143087,1.564499,1.974454,3.539743,248
1403715593.862143040,1.566959,1.834412,3.402161,257
1403715593.912142992,1.545059,3.644044,5.189783,263
1403715593.962142944,2.224747,2.707033,4.934290,278
1403715594.012142897,1.976903,3.078037,5.055900,281
1403715594.062143087,2.084235,3.378441,5.463526,276
1403715594.112143040,1.675800,3.878737,5.555307,272
1403715594.162142992,1.475697,2.224937,3.701364,296
1403715594.212142944,1.563549,1.899493,3.463762,278
1403715594.262142897,1.336256,2.413629,3.750455,287
1403715594.312143087,1.417787,4.567905,5.986352,280
1403715594.362143040,1.462507,2.428570,3.891737,295
1403715594.412142992,1.592239,2.766824,4.359683,296
1403715594.462142944,1.448717,2.886895,4.336282,318
1403715594.512142897,1.556719,4.149220,5.706599,309
1403715594.562143087,1.614530,2.440569,4.055699,327
1403715594.612143040,1.655730,3.457282,5.113802,325
1403715594.662142992,1.500538,1.794011,3.295509,339
1403715594.712142944,1.353866,3.703075,5.057681,346
1403715594.762142897,1.830522,1.244845,3.076277,344
1403715594.812143087,1.545848,2.914506,4.461144,363
1403715594.862143040,1.723691,2.471290,4.195581,347
1403715594.912142992,1.744181,5.479516,7.224447,327
1403715594.962142944,1.636389,1.752751,3.389960,348
1403715595.012142897,1.816942,6.059163,7.876655,349
1403715595.062143087,1.454898,2.221766,3.677374,363
1403715595.112143040,1.663930,4.304062,5.968682,327
1403715595.162142992,1.510828,3.793956,5.305344,346
1403715595.212142944,1.688470,4.245691,5.934841,342
1403715595.262142897,1.727491,1.681920,3.410081,357
1403715595.312143087,1.640500,4.108779,5.749929,377
1403715595.362143040,1.810372,3.821866,5.632958,356
1403715595.412142992,1.481358,3.312260,4.794338,374
1403715595.462142944,1.625840,1.895242,3.521802,345
1403715595.512142897,1.825892,4.495994,6.322566,337
1403715595.562143087,1.691850,3.920017,5.612607,333
1403715595.612143040,1.682200,3.436051,5.118921,324
1403715595.662142992,1.744811,1.448447,3.194278,325
1403715595.712142944,1.704900,5.421516,7.127056,326
1403715595.762142897,1.615080,1.833502,3.449202,304
1403715595.812143087,1.662540,4.638826,6.302286,300
1403715595.862143040,1.705571,2.571741,4.278292,307
1403715595.912142992,1.739232,1.055312,2.795154,300
1403715595.962142944,1.874923,6.298606,8.174209,296
1403715596.012142897,1.623360,1.609379,3.233639,320
1403715596.062143087,1.487528,3.779105,5.267233,322
1403715596.112143040,1.668190,3.834876,5.503886,344
1403715596.162142992,1.486008,3.255869,4.742607,336
1403715596.212142944,1.486758,2.931425,4.418973,356
1403715596.262142897,1.521228,2.647662,4.169510,351
1403715596.312143087,2.125615,2.892775,5.019050,333
1403715596.362143040,1.759561,2.999426,4.759547,372
1403715596.412142992,1.579669,2.731333,4.311642,353
1403715596.462142944,2.015184,2.425809,4.441653,339
1403715596.512142897,1.927604,3.604123,5.532287,352
1403715596.562143087,1.791451,3.376771,5.168972,374
1403715596.612143040,1.841213,1.558398,3.400261,350
1403715596.662142992,1.357816,3.653654,5.012090,374
1403715596.712142944,1.807822,1.562469,3.371061,359
1403715596.762142897,1.805032,1.748191,3.553863,381
1403715596.812143087,1.714250,3.888747,5.603537,398
1403715596.862143040,1.738751,2.630702,4.370263,348
1403715596.912142992,1.779072,5.704559,7.484371,339
1403715596.962142944,1.724981,2.958996,4.685517,358
1403715597.012142897,1.609849,2.874155,4.484834,345
1403715597.062143087,1.727671,3.377200,5.105601,344
1403715597.112143040,1.565729,3.950187,5.516696,367
1403715597.162142992,1.427427,2.912075,4.340282,355
1403715597.212142944,1.846342,3.603223,5.450325,338
1403715597.262142897,1.479718,2.508110,3.988498,369
1403715597.312143087,1.932483,2.745723,4.678966,330
1403715597.362143040,1.908523,3.576133,5.485696,357
1403715597.412142992,1.707230,3.266980,4.974790,367
1403715597.462142944,1.815952,2.542381,4.359003,333
1403715597.512142897,1.722891,4.280321,6.003902,368
1403715597.562143087,1.678750,2.989076,4.668446,356
1403715597.612143040,1.600969,2.299408,3.901317,345
1403715597.662142992,1.554188,1.904853,3.460571,334
1403715597.712142944,1.755441,3.567983,5.324204,322
1403715597.762142897,1.522338,1.818032,3.341180,337
1403715597.812143087,1.727120,3.953368,5.681398,319
1403715597.862143040,1.718100,1.822072,3.540942,307
1403715597.912142992,1.687930,3.447032,5.135762,281
1403715597.962142944,1.600629,5.140262,6.741631,278
1403715598.012142897,1.948444,1.764221,3.713275,270
1403715598.062143087,1.616590,6.384656,8.001876,309
1403715598.112143040,1.601969,3.019816,4.622545,295
1403715598.162142992,1.548009,2.407319,3.956068,279
1403715598.212142944,1.447297,1.613400,3.061557,270
1403715598.262142897,1.668320,1.524868,3.193898,274
1403715598.312143087,1.384346,4.159200,5.544176,272
1403715598.362143040,1.528038,2.177897,3.706685,260
1403715598.412142992,1.468857,4.173841,5.643408,239
1403715598.462142944,1.460178,2.195336,3.656134,232
1403715598.512142897,1.462508,3.187138,4.650266,221
1403715598.562143087,1.285486,2.821044,4.107190,260
1403715598.612143040,1.377447,2.906755,4.284792,262
1403715598.662142992,1.306746,2.328138,3.635634,251
1403715598.712142944,1.348816,2.950005,4.299492,240
1403715598.762142897,1.303575,2.341529,3.645844,242
1403715598.812143087,1.278585,2.439020,3.718235,248
1403715598.862143040,1.471998,2.035445,3.508113,235
1403715598.912142992,1.664320,2.668282,4.333262,245
1403715598.962142944,1.439657,2.213147,3.653494,275
1403715599.012142897,1.425067,3.596853,5.022600,272
1403715599.062143087,1.496208,1.207394,2.704162,271
1403715599.112143040,1.291936,3.378701,4.671247,281
1403715599.162142992,1.497908,2.185026,3.683624,282
1403715599.212142944,1.480507,2.717783,4.198870,279
1403715599.262142897,1.487178,1.634039,3.121907,305
1403715599.312143087,1.465458,3.147528,4.613626,305
1403715599.362143040,1.624140,3.181268,4.806028,310
1403715599.412142992,1.601709,2.715353,4.317842,324
1403715599.462142944,1.723301,2.996586,4.720557,324
1403715599.512142897,1.470658,3.640854,5.112092,358
1403715599.562143087,1.387497,1.769542,3.157739,351
1403715599.612143040,1.859132,2.895755,4.755558,347
1403715599.662142992,1.643410,1.836412,3.480432,377
1403715599.712142944,1.403357,2.220836,3.624833,371
1403715599.762142897,1.358666,2.622142,3.981458,369
1403715599.812143087,1.501648,3.515372,5.017550,360
1403715599.862143040,1.465037,2.354149,3.819866,352
1403715599.912142992,1.477678,2.817624,4.296132,346
1403715599.962142944,1.557529,3.326210,4.884429,344
1403715600.012142897,2.166356,2.229637,4.396773,334
1403715600.062143087,1.782642,4.379842,6.163364,367
1403715600.112143040,1.741851,4.518314,6.260905,341
1403715600.162142992,1.918003,2.471390,4.390183,318
1403715600.212142944,1.667500,3.370321,5.038591,351
1403715600.262142897,1.560469,1.845392,3.406541,348
1403715600.312143087,1.802882,1.727101,3.530913,338
1403715600.362143040,1.517579,1.882152,3.400411,365
1403715600.412142992,1.500508,3.325650,4.826728,353
1403715600.462142944,1.468558,1.894403,3.363641,345
1403715600.512142897,1.710391,2.827984,4.539035,318
1403715600.562143087,1.857053,3.636763,5.494356,333
1403715600.612143040,2.073805,3.017906,5.092391,332
1403715600.662142992,1.666730,3.628864,5.296274,345
1403715600.712142944,1.637259,2.558941,4.196830,333
1403715600.762142897,1.618649,3.055637,4.674956,357
1403715600.812143087,1.535888,2.573892,4.111080,346
1403715600.862143040,1.666790,1.539639,3.207099,332
1403715600.912142992,1.909293,3.239859,5.152992,342
1403715600.962142944,1.644080,1.015292,2.660102,366
1403715601.012142897,1.300805,3.631224,4.932739,357
1403715601.062143087,1.635410,1.123883,2.760053,347
1403715601.112143040,1.839733,4.714996,6.555619,336
1403715601.162142992,1.653110,2.781354,4.435224,375
1403715601.212142944,1.449207,4.654866,6.104813,366
1403715601.262142897,1.371726,2.284388,3.656774,356
1403715601.312143087,1.429388,2.935955,4.365923,351
1403715601.362143040,1.836102,1.638820,3.475562,343
1403715601.412142992,1.654560,2.190357,3.845527,380
1403715601.462142944,1.554689,2.199986,3.755235,374
1403715601.512142897,1.421527,5.249333,6.671540,369
1403715601.562143087,1.793781,1.859283,3.653794,354
1403715601.612143040,1.639800,1.566699,3.207079,385
1403715601.662142992,1.519168,1.421777,2.941675,372
1403715601.712142944,1.295745,5.642258,6.938653,364
1403715601.762142897,1.528838,3.431702,4.961680,359
1403715601.812143087,1.641630,4.681696,6.324286,348
1403715601.862143040,1.654219,1.983954,3.638973,336
1403715601.912142992,1.479938,1.753811,3.234389,359
1403715601.962142944,1.357466,3.583014,4.941350,350
1403715602.012142897,1.848652,2.376169,4.225591,330
1403715602.062143087,1.511178,2.938526,4.450394,377
1403715602.112143040,1.728431,4.354293,6.083444,363
1403715602.162142992,1.763201,3.954958,5.718809,355
1403715602.212142944,1.692650,1.569160,3.262550,391
1403715602.262142897,1.636700,1.833582,3.470902,391
1403715602.312143087,1.488558,3.216119,4.705347,389
1403715602.362143040,1.540299,2.853864,4.394783,383
1403715602.412142992,1.503378,3.243369,4.747407,375
1403715602.462142944,1.513588,3.112907,4.627315,362
1403715602.512142897,1.737601,1.801291,3.539522,350
1403715602.562143087,1.620299,3.416191,5.037300,379
1403715602.612143040,1.532229,3.914017,5.447266,372
1403715602.662142992,1.390307,2.608452,3.999509,366
1403715602.712142944,1.430797,3.102838,4.534295,361
1403715602.762142897,1.580869,3.759366,5.340925,359
1403715602.812143087,1.448558,1.580169,3.029317,355
1403715602.862143040,1.722470,1.648400,3.371510,353
1403715602.912142992,1.441187,2.893075,4.334932,389
1403715602.962142944,1.405327,3.051817,4.457654,379
1403715603.012142897,1.468857,3.333931,4.803438,370
1403715603.062143087,1.417777,2.985656,4.404093,360
1403715603.112143040,1.487798,3.368950,4.857368,350
1403715603.162142992,1.750001,2.590241,4.340952,345
1403715603.212142944,1.472878,3.442081,4.915619,380
1403715603.262142897,1.494148,1.988504,3.483252,374
1403715603.312143087,1.540168,2.755224,4.296022,364
1403715603.362143040,1.574949,3.086587,4.662226,362
1403715603.412142992,1.362886,1.142694,2.506230,358
1403715603.462142944,1.812772,4.383202,6.196584,341
1403715603.512142897,1.613859,2.988266,4.602815,382
1403715603.562143087,1.557629,2.580691,4.139010,369
1403715603.612143040,1.606979,2.749623,4.357272,362
1403715603.662142992,1.497488,2.635622,4.133770,359
1403715603.712142944,1.717250,3.188058,4.905848,349
1403715603.762142897,1.656230,3.890807,5.547797,364
1403715603.812143087,1.872152,2.792034,4.665247,350
1403715603.862143040,1.626280,2.337028,3.963948,359
1403715603.912142992,1.843822,2.746073,4.590785,335
1403715603.962142944,1.665370,3.056317,4.722437,368
1403715604.012142897,1.888413,2.171166,4.060229,337
1403715604.062143087,1.695620,5.182443,6.879293,399
1403715604.112143040,1.700101,2.623821,4.324742,392
1403715604.162142992,1.490608,2.502270,3.993498,388
1403715604.212142944,1.893843,3.077667,4.972960,387
1403715604.262142897,1.720801,1.552949,3.274570,387
1403715604.312143087,1.825272,3.081537,4.907349,387
1403715604.362143040,1.410157,1.434327,2.845224,379
1403715604.412142992,1.391767,3.653514,5.046141,379
1403715604.462142944,1.475488,1.400137,2.876285,376
1403715604.512142897,1.355206,3.838226,5.194152,376
1403715604.562143087,1.928403,1.698581,3.627744,375
1403715604.612143040,1.371086,4.304692,5.676318,374
1403715604.662142992,1.486098,2.937175,4.423903,374
1403715604.712142944,1.386177,1.782191,3.169028,374
1403715604.762142897,1.224695,2.798603,4.023958,374
1403715604.812143087,1.554409,2.733713,4.288802,373
1403715604.862143040,1.428877,1.680160,3.109707,371
1403715604.912142992,1.379636,3.076007,4.456163,370
1403715604.962142944,1.456258,2.780333,4.237271,370
1403715605.012142897,1.628920,2.764533,4.394083,370
1403715605.062143087,1.371766,1.693410,3.065726,370
1403715605.112143040,1.333776,3.863397,5.197823,370
1403715605.162142992,1.336076,2.045455,3.382211,369
1403715605.212142944,1.522488,4.289931,5.812969,366
1403715605.262142897,1.979544,3.582433,5.563737,363
1403715605.312143087,1.544949,1.657460,3.203139,392
1403715605.362143040,1.532658,2.223777,3.757395,387
1403715605.412142992,1.453727,2.711723,4.166190,381
1403715605.462142944,1.656260,1.667491,3.324541,378
1403715605.512142897,2.024074,3.380731,5.405355,361
1403715605.562143087,1.765492,3.346370,5.112922,412
1403715605.612143040,1.608639,2.811114,4.420983,395
1403715605.662142992,2.218076,1.805632,4.024658,379
1403715605.712142944,1.674081,3.990638,5.665819,402
1403715605.762142897,1.582779,2.541411,4.125210,394
1403715605.812143087,1.794181,3.397821,5.192722,387
1403715605.862143040,1.738880,3.738646,5.478376,382
1403715605.912142992,1.513918,1.808102,3.323020,418
1403715605.962142944,1.513818,2.179466,3.693914,406
1403715606.012142897,1.456428,2.985556,4.443044,394
1403715606.062143087,1.912693,1.883093,3.797586,385
1403715606.112143040,2.227617,4.135080,6.363487,375
1403715606.162142992,1.603940,2.756933,4.361863,400
1403715606.212142944,1.685700,2.571221,4.257821,391
1403715606.262142897,1.997694,2.855154,4.853508,369
1403715606.312143087,1.892413,3.066447,4.959700,388
1403715606.362143040,1.983274,2.217977,4.202021,376
1403715606.412142992,1.807712,2.257067,4.065979,384
1403715606.462142944,2.014335,4.315922,6.330997,377
1403715606.512142897,1.766811,1.521589,3.289090,413
1403715606.562143087,1.751061,1.931833,3.683414,399
1403715606.612143040,2.537400,2.612192,5.150802,401
1403715606.662142992,2.343308,1.813752,4.157850,400
1403715606.712142944,1.554018,4.666287,6.221115,409
1403715606.762142897,1.938534,2.471499,4.412593,390
1403715606.812143087,2.020915,3.747575,5.769300,373
1403715606.862143040,1.806041,3.062707,4.870138,374
1403715606.912142992,1.578669,2.558450,4.137979,382
1403715606.962142944,1.624800,2.116556,3.742126,366
1403715607.012142897,1.535639,1.527798,3.064327,355
1403715607.062143087,2.026844,4.449844,6.477318,348
1403715607.112143040,1.706821,1.601279,3.309240,378
1403715607.162142992,1.886902,1.918383,3.806025,369
1403715607.212142944,1.670911,1.976843,3.649374,404
1403715607.262142897,1.591379,1.799612,3.391991,388
1403715607.312143087,1.512318,4.642946,6.156064,379
1403715607.362143040,1.670700,1.135274,2.807194,375
1403715607.412142992,1.550748,2.456400,4.008348,411
1403715607.462142944,1.505568,2.183916,3.690434,408
1403715607.512142897,1.692601,2.567571,4.261162,381
1403715607.562143087,1.956333,1.292986,3.250309,362
1403715607.612143040,1.599720,0.879741,2.480071,410
1403715607.662142992,1.565309,5.158062,6.724121,400
1403715607.712142944,1.486438,1.056743,2.544151,388
1403715607.762142897,1.333606,2.895065,4.229311,386
1403715607.812143087,1.925843,1.514128,3.441391,355
1403715607.862143040,2.637422,2.031554,4.669796,320
1403715607.912142992,3.625764,1.808221,5.434585,274
1403715607.962142944,1.635510,1.052453,2.688833,382
1403715608.012142897,1.270705,0.722299,1.993724,382
1403715608.062143087,1.229944,1.357617,2.588081,382
1403715608.112143040,1.606639,0.461655,2.069024,380
1403715608.162142992,1.489678,1.076693,2.567011,379
1403715608.212142944,1.401327,0.426955,1.828782,379
1403715608.262142897,1.417887,2.609011,4.027518,379
1403715608.312143087,1.403557,0.431975,1.836192,379
1403715608.362143040,1.211725,1.062953,2.275068,379
1403715608.412142992,1.368167,1.526568,2.895395,379
1403715608.462142944,1.414937,2.182026,3.597613,379
1403715608.512142897,1.323786,4.801408,6.125744,379
1403715608.562143087,1.238695,1.029543,2.269118,379
1403715608.612143040,1.185814,1.019152,2.205526,379
1403715608.662142992,1.127163,2.037545,3.165148,379
1403715608.712142944,1.399957,1.054403,2.455290,379
1403715608.762142897,1.299116,1.215384,2.515130,379
1403715608.812143087,1.175244,0.992222,2.167976,379
1403715608.862143040,1.363906,3.349861,4.714337,379
1403715608.912142992,1.501358,1.064513,2.566621,379
1403715608.962142944,1.227145,1.411687,2.639272,379
1403715609.012142897,1.309716,1.128573,2.439029,379
1403715609.062143087,1.469508,1.477688,2.947846,379
1403715609.112143040,1.532058,3.435931,4.968549,379
1403715609.162142992,1.405807,1.099953,2.506790,379
1403715609.212142944,1.394267,1.073243,2.468600,379
1403715609.262142897,1.260405,2.071905,3.332860,379
1403715609.312143087,1.274336,1.061102,2.336498,379
1403715609.362143040,1.264175,1.244195,2.508950,379
